source_path,target_path,size_bytes,sha256
Agent_Systems_Research_Topic_A_Lesson_01_Package.zip,Agent_Systems研究型进阶专题A/第01讲/Agent_Systems_Research_Topic_A_Lesson_01_Package.zip,54898,d72a751af3b16f2a92cc1c246dab24e01ecb1982a5b019298bfd55c148efc08d
Agent_Systems_Research_Topic_A_Lesson_01_Real_Benchmark.pdf,Agent_Systems研究型进阶专题A/第01讲/Agent_Systems_Research_Topic_A_Lesson_01_Real_Benchmark.pdf,69893,492254b347fb2fcb83948affddc2de4b4b1aa7228611607b03c89db180acc421
Agent_Systems_研究型进阶专题A1_真实Agent_Benchmark实战_资料包.zip,Agent_Systems研究型进阶专题A/第01讲/Agent_Systems_研究型进阶专题A1_真实Agent_Benchmark实战_资料包.zip,1378048,eb8ab6963fe1302f330b5d4bbf7c95a6af19fae5c88609f73b7160229c17ceaa
Agent_Systems_研究型进阶专题A_第01讲_01_零基础讲义.pdf,Agent_Systems研究型进阶专题A/第01讲/Agent_Systems_研究型进阶专题A_第01讲_01_零基础讲义.pdf,790420,1df7ad5f54b19ae9591b7c6b26a0d7d6e1a2bb098469819017a534c1bf90d683
Agent_Systems_研究型进阶专题A_第01讲_03_实验指导书.docx,Agent_Systems研究型进阶专题A/第01讲/Agent_Systems_研究型进阶专题A_第01讲_03_实验指导书.docx,41323,aafb265c9107dd34dd3c2c619ac702a59401e3a2ad38e6b6db0f290f5d469374
Agent_Systems_研究型进阶专题A_第01讲_完整资料包.zip,Agent_Systems研究型进阶专题A/第01讲/Agent_Systems_研究型进阶专题A_第01讲_完整资料包.zip,1499636,81f0afe59fd3a76287f545c5fe4b8b0571fde791b9acce00b703c043b36aa911
Agent_Systems_研究型进阶专题A_第02讲_01_零基础讲义.pdf,Agent_Systems研究型进阶专题A/第02讲/Agent_Systems_研究型进阶专题A_第02讲_01_零基础讲义.pdf,722283,c7a8561c8269427b18fa43b5a88c7b12fb20f771a748b8a94d7cc8f4e95224c1
Agent_Systems_研究型进阶专题A_第02讲_03_实验指导书.docx,Agent_Systems研究型进阶专题A/第02讲/Agent_Systems_研究型进阶专题A_第02讲_03_实验指导书.docx,40660,ff2d09a7b0eb1e1d48d387886542356fef177e9bf32ff6b11e115f3d9a56b802
Agent_Systems_研究型进阶专题A_第02讲_04_实验设计书.docx,Agent_Systems研究型进阶专题A/第02讲/Agent_Systems_研究型进阶专题A_第02讲_04_实验设计书.docx,39558,ab0c51e181b0cf62d8652b392c9cbdc7926bc554c00e977d67030c4619791b18
Agent_Systems_研究型进阶专题A_第02讲_完整资料包.zip,Agent_Systems研究型进阶专题A/第02讲/Agent_Systems_研究型进阶专题A_第02讲_完整资料包.zip,1352780,4203652592d6cce8d9ac3d5646a5923a84aee052280803faf57a547ba1bc9a5e
Agent_Systems_研究型进阶专题A_第03讲_01_零基础讲义.pdf,Agent_Systems研究型进阶专题A/第03讲/Agent_Systems_研究型进阶专题A_第03讲_01_零基础讲义.pdf,636229,fdfcfba33b9f43a0bb79a0460811da30bf4b06cd5350c98ba31fddee6f4d6258
Agent_Systems_研究型进阶专题A_第03讲_03_实验指导书.docx,Agent_Systems研究型进阶专题A/第03讲/Agent_Systems_研究型进阶专题A_第03讲_03_实验指导书.docx,40028,80a7cca81976f6d64b32de5f156323e75b414f74566900a4f654a42b097e6465
Agent_Systems_研究型进阶专题A_第03讲_04_实验设计书.docx,Agent_Systems研究型进阶专题A/第03讲/Agent_Systems_研究型进阶专题A_第03讲_04_实验设计书.docx,39444,655a1e7dae06dcbea29e2aa5f3bd89fd61bc0e30843e91ed8ffd531ad71ad72b
Agent_Systems_研究型进阶专题A_第03讲_完整资料包.zip,Agent_Systems研究型进阶专题A/第03讲/Agent_Systems_研究型进阶专题A_第03讲_完整资料包.zip,1538189,ab60526696515e52f400d5072f8857541496665ff9ec0fdc56fc4fa8c50d0aec
Agent_Systems_研究型进阶专题A_第04讲_01_零基础讲义.pdf,Agent_Systems研究型进阶专题A/第04讲/Agent_Systems_研究型进阶专题A_第04讲_01_零基础讲义.pdf,719496,852941935d36f43d1debad1ec7d565a24bb6abe7553444a9c7b321ce68d335b5
Agent_Systems_研究型进阶专题A_第04讲_03_实验指导书.docx,Agent_Systems研究型进阶专题A/第04讲/Agent_Systems_研究型进阶专题A_第04讲_03_实验指导书.docx,40549,6b64a667de08be599cc37404fb02099488e0262c43d78d434be544d106da0ada
Agent_Systems_研究型进阶专题A_第04讲_04_实验设计书.docx,Agent_Systems研究型进阶专题A/第04讲/Agent_Systems_研究型进阶专题A_第04讲_04_实验设计书.docx,39756,3adb04b67824d4e74acc98b2225948927b889f7db0a2b8e6bec58c941f9a8312
Agent_Systems_研究型进阶专题A_第04讲_完整资料包.zip,Agent_Systems研究型进阶专题A/第04讲/Agent_Systems_研究型进阶专题A_第04讲_完整资料包.zip,1950809,ed447be9f3873b3df79d00609d19739e7356466e1e4a25d2a9d2c7cf914e9e31
Agent_Systems_研究型进阶专题A_第05讲_01_零基础讲义.pdf,Agent_Systems研究型进阶专题A/第05讲/Agent_Systems_研究型进阶专题A_第05讲_01_零基础讲义.pdf,804109,806be87ef82f228abe85f691270ae70864e8c57aea6ef0c7e5b24502246a8c19
Agent_Systems_研究型进阶专题A_第05讲_03_实验指导书.docx,Agent_Systems研究型进阶专题A/第05讲/Agent_Systems_研究型进阶专题A_第05讲_03_实验指导书.docx,40972,ff711203e5159e2f11ed5722777b69cc76de75a14a7d94411a222db47545341b
Agent_Systems_研究型进阶专题A_第05讲_04_实验设计书.docx,Agent_Systems研究型进阶专题A/第05讲/Agent_Systems_研究型进阶专题A_第05讲_04_实验设计书.docx,40059,8d81b57f91cefb166cbfe6c80fb88db82860373168fa12e5486954016068fe93
Agent_Systems_研究型进阶专题A_第05讲_完整资料包.zip,Agent_Systems研究型进阶专题A/第05讲/Agent_Systems_研究型进阶专题A_第05讲_完整资料包.zip,1651851,c1d13532506c384ec13f249502d62f6cea229b635eecb94194a367de20f72e26
Agent_Systems_研究型进阶专题A_第06讲_01_零基础讲义.pdf,Agent_Systems研究型进阶专题A/第06讲/Agent_Systems_研究型进阶专题A_第06讲_01_零基础讲义.pdf,896586,8b25af7e160cdb5141ce027a1956a63a40e7177d2267bf089b57149d55f227e4
Agent_Systems_研究型进阶专题A_第06讲_03_实验指导书.docx,Agent_Systems研究型进阶专题A/第06讲/Agent_Systems_研究型进阶专题A_第06讲_03_实验指导书.docx,40581,767ff540810b8d93fb1d6ea6a62f9e2b7f5b56964de938d4b4c71f3910e056a7
Agent_Systems_研究型进阶专题A_第06讲_04_实验设计书.docx,Agent_Systems研究型进阶专题A/第06讲/Agent_Systems_研究型进阶专题A_第06讲_04_实验设计书.docx,40050,e8a7e4a9c60c7d65b782313143679dbb645d9644b9a815b9891726e4bc6e6f0d
Agent_Systems_研究型进阶专题A_第06讲_完整资料包.zip,Agent_Systems研究型进阶专题A/第06讲/Agent_Systems_研究型进阶专题A_第06讲_完整资料包.zip,1922650,bacc0c81f5ef37ce5cb0fa0401d54d00b02edb8fafbb44480d85dd7669190ee2
Agent_Systems_研究型进阶专题A_第07讲_01_零基础讲义.pdf,Agent_Systems研究型进阶专题A/第07讲/Agent_Systems_研究型进阶专题A_第07讲_01_零基础讲义.pdf,880369,9a0e336246eb1598fec0dbab0fe383b06706d2d78836370a834d0346f860310b
Agent_Systems_研究型进阶专题A_第07讲_03_实验指导书.docx,Agent_Systems研究型进阶专题A/第07讲/Agent_Systems_研究型进阶专题A_第07讲_03_实验指导书.docx,40266,dbacad40e8618f756dc95b293cfc186b8bdbe67463d2f4cffd874130c316e2fa
Agent_Systems_研究型进阶专题A_第07讲_04_实验设计书.docx,Agent_Systems研究型进阶专题A/第07讲/Agent_Systems_研究型进阶专题A_第07讲_04_实验设计书.docx,40124,57ff9906aee10177d9eba835c47be53a075dc10aea4be1cab1a26a33f2b8d466
Agent_Systems_研究型进阶专题A_第07讲_完整资料包.zip,Agent_Systems研究型进阶专题A/第07讲/Agent_Systems_研究型进阶专题A_第07讲_完整资料包.zip,1844671,533886ef84e461ed79957ecd5511897c375ad1bb6d874420476b1fc295d96816
Agent_Systems_研究型进阶专题A_第08讲_01_零基础讲义.pdf,Agent_Systems研究型进阶专题A/第08讲/Agent_Systems_研究型进阶专题A_第08讲_01_零基础讲义.pdf,711103,c1ca69b8cc9edecbc1f03c7f6af2b10a9ba82ea636dd8b0492fc83a7ac51e01f
Agent_Systems_研究型进阶专题A_第08讲_03_实验指导书.docx,Agent_Systems研究型进阶专题A/第08讲/Agent_Systems_研究型进阶专题A_第08讲_03_实验指导书.docx,498491,543d30215ced1c527b96656fc23254e2cde6ae6e93356a11d17f7754d7f5375a
Agent_Systems_研究型进阶专题A_第08讲_04_实验设计书.docx,Agent_Systems研究型进阶专题A/第08讲/Agent_Systems_研究型进阶专题A_第08讲_04_实验设计书.docx,498733,1fcc97c3969d91032c8d5f1307dd08af212ccc4a49daef34d2a1eacb6d6f43c3
Agent_Systems_研究型进阶专题A_第08讲_完整资料包.zip,Agent_Systems研究型进阶专题A/第08讲/Agent_Systems_研究型进阶专题A_第08讲_完整资料包.zip,4340838,7efa282872edff9c33b4ed4d231d3be8ae7bcc6bb5eda299dee71066cc6f7a8b
Agent_Systems_研究型进阶专题A_第09讲_01_零基础讲义.pdf,Agent_Systems研究型进阶专题A/第09讲/Agent_Systems_研究型进阶专题A_第09讲_01_零基础讲义.pdf,748450,e493db48fcad6ffd3855e7f497b60c132c198b5ead5aa3ff9ebadd14b7e05d1d
Agent_Systems_研究型进阶专题A_第09讲_03_实验指导书.docx,Agent_Systems研究型进阶专题A/第09讲/Agent_Systems_研究型进阶专题A_第09讲_03_实验指导书.docx,884928,4bd7fa2edec6d1353f7b91d895cdcfe095d1771a84f00cb2e552b6f9fd4dba5f
Agent_Systems_研究型进阶专题A_第09讲_04_实验设计书.docx,Agent_Systems研究型进阶专题A/第09讲/Agent_Systems_研究型进阶专题A_第09讲_04_实验设计书.docx,885213,1602328a95aaab9b9cc0017a0d9b14dbd88409f42036422f544ceda61e0d1087
Agent_Systems_研究型进阶专题A_第09讲_完整资料包.zip,Agent_Systems研究型进阶专题A/第09讲/Agent_Systems_研究型进阶专题A_第09讲_完整资料包.zip,6759033,c5bd9643dd1b66bbb3fabc52d9f34b8931092ade54fda2e498504d4e034a8d3e
Agent_Systems_研究型进阶专题A_第10讲_01_零基础讲义.pdf,Agent_Systems研究型进阶专题A/第10讲/Agent_Systems_研究型进阶专题A_第10讲_01_零基础讲义.pdf,684018,3f6f05cfa6ff24eabacd46ac234b9ce66553856806263ae0d28c238735683ddf
Agent_Systems_研究型进阶专题A_第10讲_03_实验指导书.docx,Agent_Systems研究型进阶专题A/第10讲/Agent_Systems_研究型进阶专题A_第10讲_03_实验指导书.docx,39718,6a7e66c288cdb78c8ace73878e11ac93e2f81f48d231dce0c7458ba16e9ffa87
Agent_Systems_研究型进阶专题A_第10讲_04_实验设计书.docx,Agent_Systems研究型进阶专题A/第10讲/Agent_Systems_研究型进阶专题A_第10讲_04_实验设计书.docx,39833,ffe29a23e7beb66346854d4223871d17b783a6e29dee75c33f67330fbddaa68a
Agent_Systems_研究型进阶专题A_第10讲_完整资料包.zip,Agent_Systems研究型进阶专题A/第10讲/Agent_Systems_研究型进阶专题A_第10讲_完整资料包.zip,1287080,8d40e315f2d3d2b9504e16a269e43e4d087c646ba20f7e09b6179ceefd2c7da4
Agent_Systems_研究型进阶专题A_第11讲_01_零基础讲义.pdf,Agent_Systems研究型进阶专题A/第11讲/Agent_Systems_研究型进阶专题A_第11讲_01_零基础讲义.pdf,608639,35eddf15cff2d1185c72d92f363c7c0f6786c09824686a2ca424001f75821f7b
Agent_Systems_研究型进阶专题A_第11讲_03_实验指导书.docx,Agent_Systems研究型进阶专题A/第11讲/Agent_Systems_研究型进阶专题A_第11讲_03_实验指导书.docx,39485,b0341af9c27b3d25941b30496c077a69f998ea00378cb0b5e7b1f961cec927f2
Agent_Systems_研究型进阶专题A_第11讲_04_实验设计书.docx,Agent_Systems研究型进阶专题A/第11讲/Agent_Systems_研究型进阶专题A_第11讲_04_实验设计书.docx,39099,33c29d219f8d6473fd99189d9cc6369c396f5562b2c3b306563d7c899baefdae
Agent_Systems_研究型进阶专题A_第11讲_完整资料包.zip,Agent_Systems研究型进阶专题A/第11讲/Agent_Systems_研究型进阶专题A_第11讲_完整资料包.zip,1422699,609e6fe528f2b0947cfc19921fdbedb14c3874d0dd3b5af29c2b7fde28d47f00
Agent_Systems_研究型进阶专题A_第12讲_01_零基础讲义.pdf,Agent_Systems研究型进阶专题A/第12讲/Agent_Systems_研究型进阶专题A_第12讲_01_零基础讲义.pdf,974438,f89dacd50f5bcbaf34cef01e609edf551a84b6bf297a07dbad232dc276f3ffb9
Agent_Systems_研究型进阶专题A_第12讲_03_实验指导书.docx,Agent_Systems研究型进阶专题A/第12讲/Agent_Systems_研究型进阶专题A_第12讲_03_实验指导书.docx,40062,8a963cebb717d3567e204e29fba74585d31ba87d1ad22db7b742117c0f7b87cc
Agent_Systems_研究型进阶专题A_第12讲_04_实验设计书.docx,Agent_Systems研究型进阶专题A/第12讲/Agent_Systems_研究型进阶专题A_第12讲_04_实验设计书.docx,40255,a4985c5f98fecc5c67a359469e3f3cc3d9ac76da211ff4f8c16819f5e084b60d
Agent_Systems_研究型进阶专题A_第12讲_完整资料包.zip,Agent_Systems研究型进阶专题A/第12讲/Agent_Systems_研究型进阶专题A_第12讲_完整资料包.zip,2994419,4a983fca6a3c08d7b98dc877a02ede57a1a1fc6792accf380117916155e5e6b5
a11_to_a12_final_test.csv,Agent_Systems研究型进阶专题A/第12讲/a11_to_a12_final_test.csv,33135,3ddbe040687671f0bbe7448beb021f51778cb76e8d6cf86da715dcf7f59dbd7f
Agent_Systems_研究型进阶专题A_第13讲_01_零基础讲义.pdf,Agent_Systems研究型进阶专题A/第13讲/Agent_Systems_研究型进阶专题A_第13讲_01_零基础讲义.pdf,799810,60f913d9cc1019caacea91ab13daf28b9806fde63f711a7d355c9c21e86e87b3
Agent_Systems_研究型进阶专题A_第13讲_03_实验指导书.docx,Agent_Systems研究型进阶专题A/第13讲/Agent_Systems_研究型进阶专题A_第13讲_03_实验指导书.docx,40191,c10ff3c41ec8587dded94d528f000ec28fd4d64190d5964d8897c379a2a4df7f
Agent_Systems_研究型进阶专题A_第13讲_04_实验设计书.docx,Agent_Systems研究型进阶专题A/第13讲/Agent_Systems_研究型进阶专题A_第13讲_04_实验设计书.docx,40230,fc762ac79a1082a6df088770e0974184052632d450ca2a23af0f313911fb54b4
Agent_Systems_研究型进阶专题A_第13讲_完整资料包.zip,Agent_Systems研究型进阶专题A/第13讲/Agent_Systems_研究型进阶专题A_第13讲_完整资料包.zip,2765949,3f9c4e99d02f8a30eb7ed72cf2a557ea65161e19c08960aa641a510bba348a3a
Agent_Systems_研究型进阶专题A_第14讲_01_零基础讲义.pdf,Agent_Systems研究型进阶专题A/第14讲/Agent_Systems_研究型进阶专题A_第14讲_01_零基础讲义.pdf,781929,50de9e173cbf1a62df1977920a7172a63fa56e3ec40df2b0370d31871d40c796
Agent_Systems_研究型进阶专题A_第14讲_03_实验指导书.docx,Agent_Systems研究型进阶专题A/第14讲/Agent_Systems_研究型进阶专题A_第14讲_03_实验指导书.docx,39881,bf32b88fd757ad3d5288ad2d90eb0964f66b7e1281a775939b61f9d6bbe94acb
Agent_Systems_研究型进阶专题A_第14讲_04_实验设计书.docx,Agent_Systems研究型进阶专题A/第14讲/Agent_Systems_研究型进阶专题A_第14讲_04_实验设计书.docx,40785,7dd0bcef38afb02f312e587875ca4c1606b2a16039a19c67daac45e607e11aab
Agent_Systems_研究型进阶专题A_第14讲_完整资料包.zip,Agent_Systems研究型进阶专题A/第14讲/Agent_Systems_研究型进阶专题A_第14讲_完整资料包.zip,3266084,3b2cebba57e8fdf5aa4f97f5d899abe58034ae721e38ed91c61ce0e32ed549b2
Agent_Systems_研究型进阶专题A_第15讲_01_零基础讲义.pdf,Agent_Systems研究型进阶专题A/第15讲/Agent_Systems_研究型进阶专题A_第15讲_01_零基础讲义.pdf,752010,8e18e58fcb802f20264f5c22aadff8f2e5bd3c84683c47b0ef28eb3f6fcd881a
Agent_Systems_研究型进阶专题A_第15讲_03_实验指导书.docx,Agent_Systems研究型进阶专题A/第15讲/Agent_Systems_研究型进阶专题A_第15讲_03_实验指导书.docx,39519,15d8c07dd4356453175fb446cb806b8f9c60b57cafb073a49e4719d8a5157983
Agent_Systems_研究型进阶专题A_第15讲_04_实验设计书.docx,Agent_Systems研究型进阶专题A/第15讲/Agent_Systems_研究型进阶专题A_第15讲_04_实验设计书.docx,39179,4d8ae056d8df8edfc5a6e31422b53264c38d022b13050e8cbabffbc01e13a811
Agent_Systems_研究型进阶专题A_第15讲_完整资料包.zip,Agent_Systems研究型进阶专题A/第15讲/Agent_Systems_研究型进阶专题A_第15讲_完整资料包.zip,3527837,cadf68b7a46589010c15e3a0bba13e65f2d4839340865011e954d2bdde81a191
01_零基础讲义.docx,Agent_Systems零基础科研教程/第01讲/01_零基础讲义.docx,686630,076c3423db85730c384eb1b71565a75447554e4526fd98b092fd03af47187ad8
Agent_Systems_零基础科研教程_第01讲_资料包.zip,Agent_Systems零基础科研教程/第01讲/Agent_Systems_零基础科研教程_第01讲_资料包.zip,2320652,0dd5923ae62ee6f2d86b64ed78b6c2815b22d0c3a4a707208eed04653193dc11
Agent_Systems_零基础科研教程_第02讲_资料包.zip,Agent_Systems零基础科研教程/第02讲/Agent_Systems_零基础科研教程_第02讲_资料包.zip,2154211,2ba99aa21fa9ecb9ff99b8f11787084e768c63405a8090dea82b6e61a80051fa
Agent_Systems_零基础科研教程_第03讲_资料包.zip,Agent_Systems零基础科研教程/第03讲/Agent_Systems_零基础科研教程_第03讲_资料包.zip,2520214,26a6390ee232691b5289e81064a47f4ee6b7864ef3ae04e9e88e74598c3f0765
Agent_Systems_零基础科研教程_第04讲_资料包.zip,Agent_Systems零基础科研教程/第04讲/Agent_Systems_零基础科研教程_第04讲_资料包.zip,2715967,027d8ef328739c34ef0924b8185699391e7fccb3bf36de1de0a4e756cfcb07d2
Agent_Systems_零基础科研教程_第05讲_资料包.zip,Agent_Systems零基础科研教程/第05讲/Agent_Systems_零基础科研教程_第05讲_资料包.zip,3818715,41b5a5f97b6cf15f317d6cdb833a8c882ac2b35fd8c1876918b1a727c394efa1
Agent_Systems_零基础科研教程_第06讲_资料包.zip,Agent_Systems零基础科研教程/第06讲/Agent_Systems_零基础科研教程_第06讲_资料包.zip,4661372,dd8d516a1fafa61f893a337bae8cc9d11347a87a53bf58507b27fa713487f1da
Agent_Systems_零基础科研教程_第07讲_资料包.zip,Agent_Systems零基础科研教程/第07讲/Agent_Systems_零基础科研教程_第07讲_资料包.zip,1998977,481eeb0dcf71721b17ea66576902af17e13baa7a4b91aa3e277d095d5d59ec84
Agent_Systems_零基础科研教程_第08讲_资料包.zip,Agent_Systems零基础科研教程/第08讲/Agent_Systems_零基础科研教程_第08讲_资料包.zip,1680066,4a1967c8d95edc5ce7f227fee59762d2afbede10535a06ab65e7b6441510f917
Agent_Systems_零基础科研教程_第09讲_资料包.zip,Agent_Systems零基础科研教程/第09讲/Agent_Systems_零基础科研教程_第09讲_资料包.zip,2060850,3d2b0a8b4f4192a32e677af68a19bf39c68bc432bf82f03c5a49d120f474d5b0
Agent_Systems_零基础科研教程_第10讲_资料包.zip,Agent_Systems零基础科研教程/第10讲/Agent_Systems_零基础科研教程_第10讲_资料包.zip,2002189,4c73e9ddc7031d90967d3bab7f041b43fd8bf3e96e692a24fd191f5e5809317e
Agent_Systems_零基础科研教程_第11讲_资料包.zip,Agent_Systems零基础科研教程/第11讲/Agent_Systems_零基础科研教程_第11讲_资料包.zip,2275484,fe7f44cdb5e17ef8d1a9f1333f522167fcc218611127aeea7994aac0ebeca13a
Agent_Systems_零基础科研教程_第12讲_资料包.zip,Agent_Systems零基础科研教程/第12讲/Agent_Systems_零基础科研教程_第12讲_资料包.zip,2308136,77a1552f11f942ae3898125254ed0c4f49c4e926155a951f39aa99878a0a1044
Agent_Systems_零基础科研教程_第13讲_资料包.zip,Agent_Systems零基础科研教程/第13讲/Agent_Systems_零基础科研教程_第13讲_资料包.zip,2152796,a6a0547b931870f51ca5637a5b96b808066dc0278ce6ac37623d9c15da161437
Agent_Systems_零基础科研教程_第14讲_资料包.zip,Agent_Systems零基础科研教程/第14讲/Agent_Systems_零基础科研教程_第14讲_资料包.zip,1810434,2557e03eaaa19f3ac87c7aecbe6e171960a4dead856fa801e6cb9e6cc013c2b7
Agent_Systems_零基础科研教程_第15讲_资料包.zip,Agent_Systems零基础科研教程/第15讲/Agent_Systems_零基础科研教程_第15讲_资料包.zip,2833956,bfdcdcd76fcebe927130ba0a9cbade1d72952fb36b49efc0c3bfddf17cb69056
Agent_Systems_零基础科研教程_第16讲_资料包.zip,Agent_Systems零基础科研教程/第16讲/Agent_Systems_零基础科研教程_第16讲_资料包.zip,3049057,5b20f1ca37b3b1e56070d2748a7a13dbb3ebd81b6a2bb5fe8d3da814b12d12aa
Agent_Systems_零基础科研教程_第17讲_资料包.zip,Agent_Systems零基础科研教程/第17讲/Agent_Systems_零基础科研教程_第17讲_资料包.zip,2173984,461e01915223d7d0f395c830ea793788fd5b2f7ed6aef6116e4a109479052a13
Agent_Systems_零基础科研教程_第18讲_资料包.zip,Agent_Systems零基础科研教程/第18讲/Agent_Systems_零基础科研教程_第18讲_资料包.zip,2283802,39149b5b0074792dc6b447e34e24627c9fc6e2a849dac279dbd7e93854fcd8d5
Agent_Systems_零基础科研教程_第19讲_资料包.zip,Agent_Systems零基础科研教程/第19讲/Agent_Systems_零基础科研教程_第19讲_资料包.zip,3691792,4f196135051c4dc02634e89d549b75979f3c96e534a90d4ea97930b3469374c6
Agent_Systems_零基础科研教程_第20讲_资料包.zip,Agent_Systems零基础科研教程/第20讲/Agent_Systems_零基础科研教程_第20讲_资料包.zip,3638175,437b865ae168eb02803132461f8021b7f6992cca6b612809d914453c08d4b25f
Agent_Systems_零基础科研教程_第21讲_资料包.zip,Agent_Systems零基础科研教程/第21讲/Agent_Systems_零基础科研教程_第21讲_资料包.zip,2292132,36f8abd6a19aec8cab001077a15b723f48c0d0297c13b6c1576129ee67f5a92b
Agent_Systems_零基础科研教程_第22讲_资料包.zip,Agent_Systems零基础科研教程/第22讲/Agent_Systems_零基础科研教程_第22讲_资料包.zip,2254218,926df661316bb989a61204daf8aa53b448430fced61754746ec2518ad063934e
Agent_Systems_零基础科研教程_第23讲_资料包.zip,Agent_Systems零基础科研教程/第23讲/Agent_Systems_零基础科研教程_第23讲_资料包.zip,2076685,bb3efdea43a3b39efe43de4d2e0bc085b9e205fe9e3311a256d9c92237697b47
Agent_Systems_零基础科研教程_第24讲_资料包.zip,Agent_Systems零基础科研教程/第24讲/Agent_Systems_零基础科研教程_第24讲_资料包.zip,2069298,42dbf753a5e175768045e31504e12377ea2bc0d8b76925f6fb679fa2c81af316
Agent_Systems_零基础科研教程_第25讲_资料包.zip,Agent_Systems零基础科研教程/第25讲/Agent_Systems_零基础科研教程_第25讲_资料包.zip,2161275,3068d22dc8ef85ac8505e7cf7d1941bae542f5def15fdc62627138eed71dc791
Agent_Systems_零基础科研教程_第26讲_资料包.zip,Agent_Systems零基础科研教程/第26讲/Agent_Systems_零基础科研教程_第26讲_资料包.zip,2029941,7579b693f683e387750d245e7d91dd6d5ada0ce3ea52e7b165d19cd36ef1ebfc
Agent_Systems_零基础科研教程_第27讲_资料包.zip,Agent_Systems零基础科研教程/第27讲/Agent_Systems_零基础科研教程_第27讲_资料包.zip,1811271,d37fd75a52b30f9b4c25b8fe73d04f21a79b4eedb6940e4b9a9e99a806da6761
Agent_Systems_零基础科研教程_第28讲_资料包.zip,Agent_Systems零基础科研教程/第28讲/Agent_Systems_零基础科研教程_第28讲_资料包.zip,1803829,66a9d44267d59dfa70898e68c24d7720677ea6cf5851cc156072698eeeeaa027
Agent_Systems_零基础科研教程_第29讲_资料包.zip,Agent_Systems零基础科研教程/第29讲/Agent_Systems_零基础科研教程_第29讲_资料包.zip,1874766,139f22ac9c45384f35b039ffaba7c1c507d415e1223ca8ac866fd86502ae7ab8
Agent_Systems_零基础科研教程_第30讲_资料包.zip,Agent_Systems零基础科研教程/第30讲/Agent_Systems_零基础科研教程_第30讲_资料包.zip,1765622,600d4b637bbcf818d460f513316ad15b1309f75110416572dbf5df8efb40f505
02_零基础讲义.pdf,Agent_Systems零基础科研教程/第31讲/02_零基础讲义.pdf,917508,d0400a2de19bc647cc31f3ac1d8b259d856d83e935d3301c29e57d3ec6fcb694
Agent_Systems_零基础科研教程_第31讲_资料包.zip,Agent_Systems零基础科研教程/第31讲/Agent_Systems_零基础科研教程_第31讲_资料包.zip,2004332,638acfa720bf0c8af8de557988cc67baf7d298fb2cadfa2c1727952a34f39ed6
Agent_Systems_零基础科研教程_第32讲_资料包.zip,Agent_Systems零基础科研教程/第32讲/Agent_Systems_零基础科研教程_第32讲_资料包.zip,4517685,25d3ef45a86871b798970f577b15303c2d8321eeb264f3e6236022860c66eb46
Agent_Systems_零基础科研教程_第33讲_资料包.zip,Agent_Systems零基础科研教程/第33讲/Agent_Systems_零基础科研教程_第33讲_资料包.zip,2674898,f87710a7f079c6c2e529b2a0fe73d968c45cc03dbb9a426d39527d1272f67147
Agent_Systems_零基础科研教程_第34讲_资料包.zip,Agent_Systems零基础科研教程/第34讲/Agent_Systems_零基础科研教程_第34讲_资料包.zip,3190558,8ce5e2ce0fdb56bd1e782fbed2f23b7ad572f4713fc107aceaac31aeb0a4c7c8
Agent_Systems_零基础科研教程_第35讲_资料包.zip,Agent_Systems零基础科研教程/第35讲/Agent_Systems_零基础科研教程_第35讲_资料包.zip,2462613,4faa8909a14c4d60086eff9e2a9b27d65b8e4afbd459b1f076977c20711d5065
Agent_Systems_零基础科研教程_第36讲_资料包.zip,Agent_Systems零基础科研教程/第36讲/Agent_Systems_零基础科研教程_第36讲_资料包.zip,3886886,c034917ea003d3d12666e8180a64f1550a317f948f90a25efac75e5d4e025c58
Agent_Systems_零基础科研教程_第37讲_资料包.zip,Agent_Systems零基础科研教程/第37讲/Agent_Systems_零基础科研教程_第37讲_资料包.zip,2302909,599b0716306ef91749dddee2b07e84f3df0e4af25b42f94d4ef511a0fb1dd315
Agent_Systems_零基础科研教程_第38讲_资料包.zip,Agent_Systems零基础科研教程/第38讲/Agent_Systems_零基础科研教程_第38讲_资料包.zip,3755494,91da2b4b1f5750964c300ab084fd85c21f4dfedd93a10132069f2161c5ebc7fb
Agent_Systems_零基础科研教程_第39讲_资料包.zip,Agent_Systems零基础科研教程/第39讲/Agent_Systems_零基础科研教程_第39讲_资料包.zip,2242962,a7df9ec6cd0045b4ea32c1dfcf5d38d94da1b69e8875f5e559278dfc705b41ff
Agent_Systems_零基础科研教程_第40讲_资料包.zip,Agent_Systems零基础科研教程/第40讲/Agent_Systems_零基础科研教程_第40讲_资料包.zip,2909106,2e22f15b0a80805f3dee4123da769978443ecba91570f1d736d3ea88a445afa3
Agent_Systems_零基础科研教程_第41讲_资料包.zip,Agent_Systems零基础科研教程/第41讲/Agent_Systems_零基础科研教程_第41讲_资料包.zip,2326546,87da02bbc5c25e0992b8b9f66967da2de4bc59bc0b6a56da5943be87840e96db
Agent_Systems_零基础科研教程_第42讲_资料包.zip,Agent_Systems零基础科研教程/第42讲/Agent_Systems_零基础科研教程_第42讲_资料包.zip,2048481,9e430978af9c358b405531dd1576c8a7ef615905e583737f67cf99cc76190137
Agent_Systems_零基础科研教程_第43讲_资料包.zip,Agent_Systems零基础科研教程/第43讲/Agent_Systems_零基础科研教程_第43讲_资料包.zip,2415147,a98edacc865266be2d44052d0e44ff40a60a980b21e5287d5e23268112a79332
Agent_Systems_零基础科研教程_第44讲_资料包.zip,Agent_Systems零基础科研教程/第44讲/Agent_Systems_零基础科研教程_第44讲_资料包.zip,4166025,e18f14f392eaba6ad1cb8b1fbcd9667241eeb979de5e703b3ad701c3d51ca2d6
Agent_Systems_零基础科研教程_第45讲_资料包.zip,Agent_Systems零基础科研教程/第45讲/Agent_Systems_零基础科研教程_第45讲_资料包.zip,3183057,3d2ee50875c3f61a4b617c3ef6cb4c45409f6da5cd1e23eb9e8dd90eb3a3fdc6
Agent_Systems_零基础科研教程_第46讲_资料包.zip,Agent_Systems零基础科研教程/第46讲/Agent_Systems_零基础科研教程_第46讲_资料包.zip,2955955,b25cdf8b7edb43b83dceb1f5310a295a643dd266369da3029e82ba33788e3e87
Agent_Systems_零基础科研教程_第47讲_资料包.zip,Agent_Systems零基础科研教程/第47讲/Agent_Systems_零基础科研教程_第47讲_资料包.zip,3062801,e9377080b1676fdf40ee5f7bb44f703b2124806d7b40f77b9b753cd757a8e8b5
Agent_Systems_零基础科研教程_第48讲_资料包.zip,Agent_Systems零基础科研教程/第48讲/Agent_Systems_零基础科研教程_第48讲_资料包.zip,1829277,87981fbc863e84bb60c71927d2a92acdd4e87cf80425f0aba18f3c8c8d88fffa
Agent_Systems_零基础科研教程_第49讲_资料包.zip,Agent_Systems零基础科研教程/第49讲/Agent_Systems_零基础科研教程_第49讲_资料包.zip,1996445,83dcd18ef8c60976220b49a969c383fd67d10af434f69493e1ab0b056f6b7fd4
Agent_Systems_零基础科研教程_第50讲_资料包.zip,Agent_Systems零基础科研教程/第50讲/Agent_Systems_零基础科研教程_第50讲_资料包.zip,1826260,b3a0d312d7441cc5652b09d2964d675d586966e19d5010fa85060c268cc08e6b
Agent_Systems_零基础科研教程_第51讲_资料包.zip,Agent_Systems零基础科研教程/第51讲/Agent_Systems_零基础科研教程_第51讲_资料包.zip,1160594,51450ab0f10d39c2e519e614f311057c098256f4ca0b8c9ac21fc57c4ec003d2
Agent_Systems_零基础科研教程_第52讲_资料包.zip,Agent_Systems零基础科研教程/第52讲/Agent_Systems_零基础科研教程_第52讲_资料包.zip,1770083,2e92bb24d15e48a6cf755f6f9c488de9426f000fbb791ac7fafb4230b8881316
粘贴的文本 (1).txt,Agent_Systems零基础科研教程/课程总览与续课说明/粘贴的文本 (1).txt,16157,ac3719e3315a32127cf49853903e114b0f3cb6c0146a95fff68ddfe6624c17e1
Agent基础教程_第1讲_从LLM到智能体.docx,Agent基础教程/第01讲/Agent基础教程_第1讲_从LLM到智能体.docx,54627,5ce296511be99f181a9cd9d1883aee0c668c494247778733f178d8fe846af54a
Agent基础教程_第2讲_ToolCalling_FunctionCalling与MCP.docx,Agent基础教程/第02讲/Agent基础教程_第2讲_ToolCalling_FunctionCalling与MCP.docx,60826,7d584a77686e0fea94a26147ac063748f4c76f1ced77f749a64f6ea98367d30b
Agent基础教程_第3讲_Context_RAG与Memory.docx,Agent基础教程/第03讲/Agent基础教程_第3讲_Context_RAG与Memory.docx,58171,e89c326e5eec6396ba0a3d8d693d9592c1e91505db633479cb3fd18a043c0e34
Agent_Lesson4_Planning_Workflow_MultiAgent.docx,Agent基础教程/第04讲/Agent_Lesson4_Planning_Workflow_MultiAgent.docx,308986,5c31b601f18b6577cc760bd5524e9f7fe23e0aa58100401a11a42b8605772061
Agent基础教程_第4讲_Planning_Workflow与MultiAgent.docx,Agent基础教程/第04讲/Agent基础教程_第4讲_Planning_Workflow与MultiAgent.docx,308986,5c31b601f18b6577cc760bd5524e9f7fe23e0aa58100401a11a42b8605772061
Agent基础教程_第5讲_LangGraph与可复现实验基础.docx,Agent基础教程/第05讲/Agent基础教程_第5讲_LangGraph与可复现实验基础.docx,342682,bfd250237b02947c7a8b3f664c1e4e539672142298279587821c06684fc04c32
Agent_Lesson6_Threat_Model_and_Security_Evaluation.docx,Agent基础教程/第06讲/Agent_Lesson6_Threat_Model_and_Security_Evaluation.docx,558512,b2dec13ee458e4aa6ae213b289b3a988573115fe363731a476f0b4a478c87177
Agent_Lesson7_Prompt_Injection_and_Agent_Hijacking.docx,Agent基础教程/第07讲/Agent_Lesson7_Prompt_Injection_and_Agent_Hijacking.docx,918627,137923ce17d3989c2a0fcab78d9c0cb300678cf049f4af9775a472b02b167aaa
Agent基础教程_第7讲_PromptInjection与AgentHijacking.docx,Agent基础教程/第07讲/Agent基础教程_第7讲_PromptInjection与AgentHijacking.docx,918627,137923ce17d3989c2a0fcab78d9c0cb300678cf049f4af9775a472b02b167aaa
Flink_Principles_Lecture1_CN.pdf,Flink原理详解/第01讲/Flink_Principles_Lecture1_CN.pdf,1394419,66a5260399ada1c08b468e0b01f60ddbf25f87117afc79c77161e9412388bb51
Flink_Lecture2_CN.pdf,Flink原理详解/第02讲/Flink_Lecture2_CN.pdf,1330736,39b372db4fb1e6a391e6b334cf41e5f1f6f473241bc00ea161da2dbc88642d9b
Flink_Principles_Lecture2_CN.pdf,Flink原理详解/第02讲/Flink_Principles_Lecture2_CN.pdf,1330736,25e3a99498c7042343de8c0f51c88516409a3a1acd0749c86c3bb28b3ee92a11
Flink_Principles_Lecture3_CN.pdf,Flink原理详解/第03讲/Flink_Principles_Lecture3_CN.pdf,1046611,949d29583bdb45b0cb5f603186841727b6a0eb1112b271c7a2d38faa1a671973
Flink_Lecture4_CN.pdf,Flink原理详解/第04讲/Flink_Lecture4_CN.pdf,934364,8bdc41e3916104afebd88c3b987f5021c5a53bf77cea358811d57737d8df9188
Flink_Lecture5_CN.pdf,Flink原理详解/第05讲/Flink_Lecture5_CN.pdf,1242594,8313a98aef547bd546244ac35eff237ad0077debdd31a2ae4e52e9fdacbb585e
flink5.pdf,Flink原理详解/第05讲/flink5.pdf,1242594,4ad411ba145005e880cdc0f014b042054b69c1bd76415354db4cd3431327c58e
Flink_Principles_Lecture6_CN.pdf,Flink原理详解/第06讲/Flink_Principles_Lecture6_CN.pdf,1283348,67f04dd2e194810adea54f5d559216083878c23d9e568eeedb26a324c954e9ce
Flink_Principles_Lecture7_CN.pdf,Flink原理详解/第07讲/Flink_Principles_Lecture7_CN.pdf,1279776,73c2b0aa2641489496e37b1b5ed28aad5df72d22441b0cf5b2b1f14169dec911
Flink_Principles_Lecture8_CN.pdf,Flink原理详解/第08讲/Flink_Principles_Lecture8_CN.pdf,1221540,b2f2cb10a57b9a24f34f25dcf7a311fcacb409a2f29fa377a21e863ce6691380
Flink_Principles_Lecture9_CN.pdf,Flink原理详解/第09讲/Flink_Principles_Lecture9_CN.pdf,1181280,a8f26d76d9a91a475d1533a265e62971ee00c4cfa4916791e65dc98aa8c8aa91
Flink_Principles_Lecture10_CN.pdf,Flink原理详解/第10讲/Flink_Principles_Lecture10_CN.pdf,989632,5ea40d9e861a49217b4db8f275c627ab6d476c977496bfcdf2eccd06a4f1cc4a
Flink_Principles_Lecture11_CN.pdf,Flink原理详解/第11讲/Flink_Principles_Lecture11_CN.pdf,1199109,3c864c754fa59ef27963e528e9cf9025908d5a1910d67512bb60d0108a16d45d
Flink_Principles_Lecture12_CN.pdf,Flink原理详解/第12讲/Flink_Principles_Lecture12_CN.pdf,1459023,7dd03f07f51f386079010f614234ce25dbb7f29615ecba6e3ad1e3da7c469aaf
Flink_Principles_Lecture13_CN.pdf,Flink原理详解/第13讲/Flink_Principles_Lecture13_CN.pdf,1633292,918fa00fb7a6226be57e7c43bd0184af1003e3aa4a8ced3f78d8a1b39cec755b
Flink_Principles_Lecture13_CN_v2.pdf,Flink原理详解/第13讲/Flink_Principles_Lecture13_CN_v2.pdf,1633292,a9dfea6a29cc4184baccb67951d808281ef6b7f206d983bb2cbbd3260fc05949
Flink_Principles_Lecture14_CN.pdf,Flink原理详解/第14讲/Flink_Principles_Lecture14_CN.pdf,1036713,cee354f198e36cd7cf31b7393169c00909a96ed878b0626227059798056a5221
Flink_Principles_Lecture14_CN_v2.pdf,Flink原理详解/第14讲/Flink_Principles_Lecture14_CN_v2.pdf,1036713,8c881c9debec7fc917a405919367fdefd5e736d3a39cf592abc49fb3218e4fe6
Flink_Principles_Lecture15_CN.pdf,Flink原理详解/第15讲/Flink_Principles_Lecture15_CN.pdf,1323411,8b924f8ab272dde72e7151e8ed391d70c9c6374cd5f67279e5d10fcf4ec6380b
Flink_Principles_Lecture16_CN.pdf,Flink原理详解/第16讲/Flink_Principles_Lecture16_CN.pdf,962177,495d6604cb63fd9d5001c27c9b0b866520c20c062b8d61a8d213354ba4aa6527
Flink_Principles_Lecture16_CN_v2.pdf,Flink原理详解/第16讲/Flink_Principles_Lecture16_CN_v2.pdf,962177,838537d1d99778d62e203cd90757193626e85adab96013d701c7066f4210be7b
Hadoop_MapReduce_Principles_Lecture1_CN.pdf,大数据处理技术/Hadoop_MapReduce/第01讲/Hadoop_MapReduce_Principles_Lecture1_CN.pdf,753769,7eaf165d03fae90853ebfdfcc8c6c930ee231e21338e11443e0615776b70143a
Hadoop_MapReduce_Principles_Lecture2_CN.pdf,大数据处理技术/Hadoop_MapReduce/第02讲/Hadoop_MapReduce_Principles_Lecture2_CN.pdf,899921,13d44e20594f68bce010d895a7c636081175c818bbce43eb78b486f8f7b0e419
Hadoop_MapReduce_Principles_Lecture3_CN.pdf,大数据处理技术/Hadoop_MapReduce/第03讲/Hadoop_MapReduce_Principles_Lecture3_CN.pdf,1028930,01b0b227aee63e436fd45eecead7bca21fefcac11a5767dd9f7d525f71742038
Hadoop_MapReduce_Principles_Lecture4_CN.pdf,大数据处理技术/Hadoop_MapReduce/第04讲/Hadoop_MapReduce_Principles_Lecture4_CN.pdf,1212666,26acd0d2bceb0f807badd881f3bab847eb4cad6d34d222e8b475d8b89463ef13
Hadoop_MapReduce_Principles_Lecture5_CN.pdf,大数据处理技术/Hadoop_MapReduce/第05讲/Hadoop_MapReduce_Principles_Lecture5_CN.pdf,1167723,982d1b2934fb7f520960e3f5a7d67c0e2f010031b798390df16db03b2c19b6c7
Hadoop_MapReduce_Principles_Lecture6_CN.pdf,大数据处理技术/Hadoop_MapReduce/第06讲/Hadoop_MapReduce_Principles_Lecture6_CN.pdf,1055268,7b0a922258c701a90a1d1f6a7b33467eb8d1634ea6aad0a7b32226a490e6cb2b
Hadoop_MapReduce_Principles_Lecture7_CN.pdf,大数据处理技术/Hadoop_MapReduce/第07讲/Hadoop_MapReduce_Principles_Lecture7_CN.pdf,1041423,169239a39c7f0d6c22590ba556367f18188fcc32c7b3a769e99684ee2e1ce537
Hadoop_MapReduce_Principles_Lecture8_CN.pdf,大数据处理技术/Hadoop_MapReduce/第08讲/Hadoop_MapReduce_Principles_Lecture8_CN.pdf,1173939,c7cbf93aacf150567cd955032f1745436a349ed9d644a3b290426b2cc9d32534
Hadoop_MapReduce_Principles_Lecture9_CN.pdf,大数据处理技术/Hadoop_MapReduce/第09讲/Hadoop_MapReduce_Principles_Lecture9_CN.pdf,1087526,d3c708789002885e2a0c431345c8256e18edb4fc4aee5aabffb063f01daa7564
Hadoop_MapReduce_Principles_Lecture10_CN.pdf,大数据处理技术/Hadoop_MapReduce/第10讲/Hadoop_MapReduce_Principles_Lecture10_CN.pdf,1172797,a21fb9739790ec8f21cf9bf1006774acda67f8489d2d6e66a7a1fbde345a2b89
Hadoop_Spark_Transition_Lecture11_CN.pdf,大数据处理技术/Spark/第11讲/Hadoop_Spark_Transition_Lecture11_CN.pdf,1067904,1b98bbcfafd7417b63234bde263b75a33579753115e94a196ccc4c0db43a1081
Spark_Principles_Lecture12_CN.pdf,大数据处理技术/Spark/第12讲/Spark_Principles_Lecture12_CN.pdf,1216373,c41cca06047f1aceab8cdaba46aec264854de336960f85a087673963150101c4
Spark_Principles_Lecture13_CN.pdf,大数据处理技术/Spark/第13讲/Spark_Principles_Lecture13_CN.pdf,1157884,37cca16be1a816ad8ffd57b0329b80cf620b757ee737e3813717783fa5b18b94
Spark_Principles_Lecture14_CN.pdf,大数据处理技术/Spark/第14讲/Spark_Principles_Lecture14_CN.pdf,1085719,f9b536e1163fa959d9c467a50d1973976fd5b818db05c75ca14b4550706cadf1
Spark_Principles_Lecture15_CN.pdf,大数据处理技术/Spark/第15讲/Spark_Principles_Lecture15_CN.pdf,953107,d2a9b96dcbecdcd9205ff79a094cb2404d7499444fbac20b1c395d96c9411bc0
Spark_Principles_Lecture16_CN.pdf,大数据处理技术/Spark/第16讲/Spark_Principles_Lecture16_CN.pdf,1105602,34d9560ee56edd0c353a81cb75a7d27c4b963b1a04ce7f08f6a285ea8d291c5c
Spark_Principles_Lecture17_CN.pdf,大数据处理技术/Spark/第17讲/Spark_Principles_Lecture17_CN.pdf,1311384,9ede9e347f5842b608e5aa763db2f2aa38c015ef5f18d5988b6416d088e7e916
Spark_Principles_Lecture18_CN.pdf,大数据处理技术/Spark/第18讲/Spark_Principles_Lecture18_CN.pdf,1359445,3cca7e928ec7a81889035f80f949729222e0b54443bb3048b2311a736b038c01
Spark_Principles_Lecture19_CN.pdf,大数据处理技术/Spark/第19讲/Spark_Principles_Lecture19_CN.pdf,574082,3841049fd666bbffd50edbd4e396fc02587909accf00a236a5935ebce051eab0
Spark_Principles_Lecture20_CN.pdf,大数据处理技术/Spark/第20讲/Spark_Principles_Lecture20_CN.pdf,1078195,032c5fe458293ee1f4b4ea1c5bfdf3bdbb6760d2a92c3a3a8558c6cabebcbccf
BigData_Integrated_Project_Lecture1_CN.pdf,大数据综合项目实战/第01讲/BigData_Integrated_Project_Lecture1_CN.pdf,1297133,517472f8bdb27ea553aa912d3583f4d5315057761de1cd94e03b8bc1cb5a4905
BigData_Integrated_Project_Lecture1_Starter.zip,大数据综合项目实战/第01讲/BigData_Integrated_Project_Lecture1_Starter.zip,3270,d23293930f3d3116b8f38715c301c0b1e55b2eeb27a0b13e161e9198fbd916f8
bigdata_project_lecture1.pdf,大数据综合项目实战/第01讲/bigdata_project_lecture1.pdf,1297133,d2b9cc4d07fc88d6f1f58ebb4966e577b340f397cca4646494e091b2660d66ce
bigdata_project_lecture1_starter.zip,大数据综合项目实战/第01讲/bigdata_project_lecture1_starter.zip,3270,d23293930f3d3116b8f38715c301c0b1e55b2eeb27a0b13e161e9198fbd916f8
bigdata_project_lecture2.pdf,大数据综合项目实战/第02讲/bigdata_project_lecture2.pdf,979376,a2acb18716f1946d728c307b704978f1a2ebdfa650190c4b7fb4afcb963e260f
bigdata_project_lecture2_tools.zip,大数据综合项目实战/第02讲/bigdata_project_lecture2_tools.zip,1139,92074daad6ef4395c09ebfce000d0a96affd8d93a0a620e1e5fdd6dad826c4a2
bigdata_project_lecture3.pdf,大数据综合项目实战/第03讲/bigdata_project_lecture3.pdf,1013679,dfd20d93f0d4d9217f199f28fb68e0885cff803060283c22c62478257efdb57b
bigdata_project_lecture3_code.zip,大数据综合项目实战/第03讲/bigdata_project_lecture3_code.zip,3737,4a88b42d9c5341425369dd3a4b9d4cf6bd8dc2d27ff969ac56baca18105c4bcd
bigdata_project_lecture4.pdf,大数据综合项目实战/第04讲/bigdata_project_lecture4.pdf,909283,316a4d9d12ecc2e7aa1bf99b40874c8e0d2b9297ccab7805e36d55b4abab9cba
bigdata_project_lecture4_code.zip,大数据综合项目实战/第04讲/bigdata_project_lecture4_code.zip,2824,a00580f06f36829af85c52668b40743639abc0a5d46ce03e622d3d167ab4e5f6
bigdata_project_lecture4_code_v2.zip,大数据综合项目实战/第04讲/bigdata_project_lecture4_code_v2.zip,2824,a00580f06f36829af85c52668b40743639abc0a5d46ce03e622d3d167ab4e5f6
bigdata_project_lecture5.pdf,大数据综合项目实战/第05讲/bigdata_project_lecture5.pdf,1080404,b7a39862737a483d292bab4b4fb610303bd57a2048d3e2ee827c9fd3931a8245
bigdata_project_lecture5_code.zip,大数据综合项目实战/第05讲/bigdata_project_lecture5_code.zip,4665,8245f0a4c566dc68ee2d9782d8ef20f2388c34f466234112828fbc9215cf0cab
chart-1.png,大数据综合项目实战/第05讲/chart-1.png,71565,f1a0fb8bcb12c0f180f6e8e219b04b87dbbd10fa9a344c3a95cf2c26ebb50d47
bigdata_project_lecture6.pdf,大数据综合项目实战/第06讲/bigdata_project_lecture6.pdf,1033112,2fa503cc3202fae2455f62f7c6550a2c78b6b5daa3e35fe964576e605b07abe4
bigdata_project_lecture6_code.zip,大数据综合项目实战/第06讲/bigdata_project_lecture6_code.zip,6755,3d0ad98f5945028161c44daaec9ce0bfaa6d7f664775e0eaaa8893301d328318
bigdata_project_lecture6_code_v2.zip,大数据综合项目实战/第06讲/bigdata_project_lecture6_code_v2.zip,6755,3d0ad98f5945028161c44daaec9ce0bfaa6d7f664775e0eaaa8893301d328318
bigdata_project_lecture7.pdf,大数据综合项目实战/第07讲/bigdata_project_lecture7.pdf,1004195,725af162a2f81382c20d66b10ccd7b00687cf1a857853c72f2cca1b47461fd5b
bigdata_project_lecture7_code.zip,大数据综合项目实战/第07讲/bigdata_project_lecture7_code.zip,9358,62ce212ea593af944a3c3e6fa51b968d9006f8678792c7a76521a3151a89fed1
bigdata_project_lecture8.pdf,大数据综合项目实战/第08讲/bigdata_project_lecture8.pdf,959169,b34449e8dfe07e79a2cf719e4ece3f54d24968e1bf3217aea3832b8212202b2d
bigdata_project_lecture8_code.zip,大数据综合项目实战/第08讲/bigdata_project_lecture8_code.zip,11058,0e318c9b6987632907f6b4b714a33c1532a47018b67f81ec860164aa61690418
bigdata_project_lecture8_code_v2.zip,大数据综合项目实战/第08讲/bigdata_project_lecture8_code_v2.zip,11058,0e318c9b6987632907f6b4b714a33c1532a47018b67f81ec860164aa61690418
bigdata_project_lecture9_code_v2.zip,大数据综合项目实战/第09讲/bigdata_project_lecture9_code_v2.zip,16335,00cd290a2eb36521d93191e36b966e4f8c8419d1f7e4e96a8b211b34d8335861
bigdata_project_lecture9_v2.pdf,大数据综合项目实战/第09讲/bigdata_project_lecture9_v2.pdf,1083024,e055c995cad2e911ed86c37dbddd5ecca530f8dcc00a6677fa12656213c17553
bigdata_project_lecture10_code_v2.zip,大数据综合项目实战/第10讲/bigdata_project_lecture10_code_v2.zip,19520,ee53d6c4a36180d0ed624183f4d59687803cad1ae4da6d47314ac9a174b0cd6a
bigdata_project_lecture10_v2.pdf,大数据综合项目实战/第10讲/bigdata_project_lecture10_v2.pdf,1208390,61a038661e3df35775832da032e55f4ea73a2ec091a94f6165e92a9921e3649e
01_第1讲_大语言模型到底是什么_完整讲义.pdf,大语言模型零基础课/第01讲/01_第1讲_大语言模型到底是什么_完整讲义.pdf,383318,3517b276ce135aa57685556d5e98dc704e4097816b64288743420d88cd0c3c88
02_第1讲_核心概念速查卡.pdf,大语言模型零基础课/第01讲/02_第1讲_核心概念速查卡.pdf,79864,44966019a3afd3c2cdad3a488c18dd1a37c3a25bf3ef1bc3c2ed9e00eb7c8f97
03_第1讲_练习题与答案.pdf,大语言模型零基础课/第01讲/03_第1讲_练习题与答案.pdf,150128,d98dd16e8b84056b33870812368762dba79e7f2637ad352fe2d0913fe3fb2e2b
大语言模型零基础课_第1讲_材料包.zip,大语言模型零基础课/第01讲/大语言模型零基础课_第1讲_材料包.zip,577322,3fb6c0a2db91e2d2d4e1015961dae1ca0c57722d6539cbac9ff6f339c915c088
01_第2讲_Token_大语言模型眼里的文字_完整讲义.pdf,大语言模型零基础课/第02讲/01_第2讲_Token_大语言模型眼里的文字_完整讲义.pdf,310284,aad501326240f48a98e99347b5614478d32a1b08f509f5fc23957b6de70aec0e
02_第2讲_Token核心概念速查卡.pdf,大语言模型零基础课/第02讲/02_第2讲_Token核心概念速查卡.pdf,62223,76124187da1bce1a06d3e55a4c44b1a5b86af9140482654493ace042c2e6a026
03_第2讲_练习题与答案.pdf,大语言模型零基础课/第02讲/03_第2讲_练习题与答案.pdf,133717,98aec5591fa18ba822792471bf1ad38c800c2cb5f207a5cf6eb76d9387dd1eea
04_toy_tokenizer_demo.py,大语言模型零基础课/第02讲/04_toy_tokenizer_demo.py,1583,8cce50e56e41c841494c536a7beed6aa2f555ceeddbbce369d01f5662ae7cde8
大语言模型零基础课_第2讲_材料包.zip,大语言模型零基础课/第02讲/大语言模型零基础课_第2讲_材料包.zip,477403,dc280718bcb77fbbf7ce1b585e3a2d62a7a0e219dc84da286e7e953c21b3caf5
01_第3讲_Embedding_文字怎样变成有意义的向量_完整讲义.pdf,大语言模型零基础课/第03讲/01_第3讲_Embedding_文字怎样变成有意义的向量_完整讲义.pdf,356587,2be8a1208906f3095fa62e16e899a42faf7443cf193a4b107a47f3b4da47327c
02_第3讲_Embedding核心概念速查卡.pdf,大语言模型零基础课/第03讲/02_第3讲_Embedding核心概念速查卡.pdf,73523,e37711da186b0e3cc2a5fea6154e7e56d1cf6904bc65ea2974e2e1a8b16c21bc
03_第3讲_练习题与答案.pdf,大语言模型零基础课/第03讲/03_第3讲_练习题与答案.pdf,166718,45e68c41505f45276f13d79c78c4898ec7e7ae26a681d680cc2f86a852791a4f
04_embedding_geometry_demo.py,大语言模型零基础课/第03讲/04_embedding_geometry_demo.py,1323,d208ff5c5c3c328b5565d45128df88c6f7900d2dc0d165f25903e5751afcc63e
大语言模型零基础课_第3讲_材料包.zip,大语言模型零基础课/第03讲/大语言模型零基础课_第3讲_材料包.zip,565956,9e7d11c5c74accb0306fd3227c4de33a25a76e593f605ec7f46c37abcee0aded
01_第4讲_神经网络到底是什么_完整讲义.pdf,大语言模型零基础课/第04讲/01_第4讲_神经网络到底是什么_完整讲义.pdf,367914,17f37097d70eb287e5dc9640b29a4597f058ca46277b18f8a17dc20d693f8433
02_第4讲_神经网络核心概念速查卡.pdf,大语言模型零基础课/第04讲/02_第4讲_神经网络核心概念速查卡.pdf,74101,000370bcfd19f4b74d4569b0c05b4ec08109f61388a3d5674a78c8eae09f0887
03_第4讲_练习题与答案.pdf,大语言模型零基础课/第04讲/03_第4讲_练习题与答案.pdf,148876,c4d273b49bc4f6cdec8ff27ae9a5c12065658b540546ac2eeef5ec7412b27b96
04_tiny_neural_network_demo.py,大语言模型零基础课/第04讲/04_tiny_neural_network_demo.py,1534,b8fccf0c6ac262083be487892bf8ac8b87364029ee077c25d2230483fdd063f7
大语言模型零基础课_第4讲_材料包.zip,大语言模型零基础课/第04讲/大语言模型零基础课_第4讲_材料包.zip,560031,6ba091dc1bfbc65a14b3eabe1d8f5af072bb52498681d93aa5b93b8b939888d5
01_第5讲_模型是怎么学习的_完整讲义.pdf,大语言模型零基础课/第05讲/01_第5讲_模型是怎么学习的_完整讲义.pdf,285732,c7b759b56120fc6c94f6a47ab1464683f17fcad1e16287505ade2035107e138a
02_第5讲_训练与反向传播核心概念速查卡.pdf,大语言模型零基础课/第05讲/02_第5讲_训练与反向传播核心概念速查卡.pdf,74232,96832974dd3a8f2655577e69ee75602a296bbba47a8c45f2e50b1840f4fa29d8
03_第5讲_练习题与答案.pdf,大语言模型零基础课/第05讲/03_第5讲_练习题与答案.pdf,120712,7c3e04db03be8eb1d2c580d5d8123c832147a63a4074f03be50b97c287a7db0e
04_gradient_descent_demo.py,大语言模型零基础课/第05讲/04_gradient_descent_demo.py,1815,075bd3443196ed6fba076d76b08076113c9314d565733dd7d24035008f6b218e
大语言模型零基础课_第5讲_材料包.zip,大语言模型零基础课/第05讲/大语言模型零基础课_第5讲_材料包.zip,451764,8c6847e5c63903f23820ea88532d90e617b68251c738e74324a3fd98b2630ce1
01_第6讲_训练集验证集测试集过拟合与泛化_完整讲义.pdf,大语言模型零基础课/第06讲/01_第6讲_训练集验证集测试集过拟合与泛化_完整讲义.pdf,378911,42ed232c554a8b59ba1847a6db0c1a9f0ce10c6aa6aa9c0eb23d5d43499cb633
02_第6讲_数据划分与泛化核心概念速查卡.pdf,大语言模型零基础课/第06讲/02_第6讲_数据划分与泛化核心概念速查卡.pdf,97714,bc09bf752966b7d2f20cef5556f90dd4dbe86d8a275fed3bf289891c463092c4
03_第6讲_练习题与答案.pdf,大语言模型零基础课/第06讲/03_第6讲_练习题与答案.pdf,138515,1539a43dc572380b9a0b71cbec4b63a595462da13a37e2051175b469b70edd12
04_overfitting_demo.py,大语言模型零基础课/第06讲/04_overfitting_demo.py,1588,a3df6e354eff0d750d45fad39fd33ddf67ae47fb273e90f13bca875ff075e92d
大语言模型零基础课_第6讲_材料包.zip,大语言模型零基础课/第06讲/大语言模型零基础课_第6讲_材料包.zip,584226,ec8604ab4c4a6375c39c3c0e600b52b54bc6668b89bee262475a54bb9fd188d9
01_第7讲_从RNN_LSTM到Attention_Transformer为什么会出现_完整讲义.pdf,大语言模型零基础课/第07讲/01_第7讲_从RNN_LSTM到Attention_Transformer为什么会出现_完整讲义.pdf,427958,f931d7a5316f52f3d4148d6208edcbca8350cbc46b021f69037fe2c8e81ef732
02_第7讲_RNN_LSTM_Attention核心概念速查卡.pdf,大语言模型零基础课/第07讲/02_第7讲_RNN_LSTM_Attention核心概念速查卡.pdf,143420,c1c8950f9a3ccd1f0c3b4e264cc5d197d8a0eeffae0699c7bf652322244a21c2
03_第7讲_练习题与答案.pdf,大语言模型零基础课/第07讲/03_第7讲_练习题与答案.pdf,200788,dcf3f52d7b7796a49bf8b3cda0a6f6f3eef245befe42ae08b25bce70e7348640
04_toy_attention_demo.py,大语言模型零基础课/第07讲/04_toy_attention_demo.py,1735,62fe8df3406d20b5124400e7c2f2779d71d5047d0410d462e470e92a40eaabb0
大语言模型零基础课_第7讲_材料包.zip,大语言模型零基础课/第07讲/大语言模型零基础课_第7讲_材料包.zip,659249,beba4d235c46bb968a9f8cbbf432f52d66427c6365396c020b3d894a508aecc7
01_第8讲_Attention到底是什么_QKV与SelfAttention_完整讲义.pdf,大语言模型零基础课/第08讲/01_第8讲_Attention到底是什么_QKV与SelfAttention_完整讲义.pdf,351037,4e118bb9934214d85def5a6b48c69fdb24c28bd611a835c2b55850bf747b3694
02_第8讲_Attention_QKV核心概念速查卡.pdf,大语言模型零基础课/第08讲/02_第8讲_Attention_QKV核心概念速查卡.pdf,85204,68506fe9901e3f727e19109368707398bba02df8a9f431733aed1e421d4ec4b5
03_第8讲_练习题与答案.pdf,大语言模型零基础课/第08讲/03_第8讲_练习题与答案.pdf,159353,c723617852a1780721e3653b25b51701a6f6ce28c01de20e3df2d74108106182
04_attention_qkv_demo.py,大语言模型零基础课/第08讲/04_attention_qkv_demo.py,1928,e4b77dfd2efb349b8a95f54862cdd00f6aa73a10814784eb2c180f97d34cae13
大语言模型零基础课_第8讲_材料包.zip,大语言模型零基础课/第08讲/大语言模型零基础课_第8讲_材料包.zip,561598,5d7cb707e85210933685a2be0fc087865c4b63918ef7d0a55e69c46718cd05e5
01_第9讲_MultiHeadAttention_为什么一个注意力头不够_完整讲义.pdf,大语言模型零基础课/第09讲/01_第9讲_MultiHeadAttention_为什么一个注意力头不够_完整讲义.pdf,358208,e057dea2d3626f86a639b482990a86c2a1c5037a9e50db064c3385f66ba34963
02_第9讲_MultiHeadAttention核心概念速查卡.pdf,大语言模型零基础课/第09讲/02_第9讲_MultiHeadAttention核心概念速查卡.pdf,96425,7ee4a377619f150139a89ebdb00a68e258c140e4aff736a550746c79ce5d8b3f
03_第9讲_练习题与答案.pdf,大语言模型零基础课/第09讲/03_第9讲_练习题与答案.pdf,179624,2168554ec05b25406eadbbc4b989963e64ce8e3fa0be1a7a738ad5457a7eac37
04_multi_head_attention_demo.py,大语言模型零基础课/第09讲/04_multi_head_attention_demo.py,2096,8f7e2368a6ea4e955b54eb6a409b2f45e63cad4635845e0754c6687910bc6be2
大语言模型零基础课_第9讲_材料包.zip,大语言模型零基础课/第09讲/大语言模型零基础课_第9讲_材料包.zip,597210,9050e4e73350b2d7e77c687ca87baa8c95f7a327675d24866f7c53613520ebf6
01_第10讲_位置编码_Transformer为什么必须知道顺序_完整讲义.pdf,大语言模型零基础课/第10讲/01_第10讲_位置编码_Transformer为什么必须知道顺序_完整讲义.pdf,324616,99062c70064e591a8e71fd8ddae74a45c103d554ef64cfd4610bf4ee88e8d998
02_第10讲_位置编码核心概念速查卡.pdf,大语言模型零基础课/第10讲/02_第10讲_位置编码核心概念速查卡.pdf,75699,da6ed0d57efdf85434b997ddead0f5980f12f147163c8facf6ece2e55427008a
03_第10讲_练习题与答案.pdf,大语言模型零基础课/第10讲/03_第10讲_练习题与答案.pdf,120860,1c54da0b1d7aff90b95d2b39f5e52cd4873f2920fdd94481a4a62b4f19572833
04_position_encoding_demo.py,大语言模型零基础课/第10讲/04_position_encoding_demo.py,1569,6ea3ee90482624287394c9ef24625cb05cda86b108ef4d3f90d6f20e610c1913
大语言模型零基础课_第10讲_材料包.zip,大语言模型零基础课/第10讲/大语言模型零基础课_第10讲_材料包.zip,493646,3d0af40565da60fad002b747bd3ed097f671b34943e960024690a104be8ca61f
01_第11讲_完整TransformerBlock怎样工作_完整讲义.pdf,大语言模型零基础课/第11讲/01_第11讲_完整TransformerBlock怎样工作_完整讲义.pdf,344446,1a038a5a3681c29e37fd12f973f5d1fba45946d937815c309896dcc2d03a9b2e
02_第11讲_TransformerBlock核心概念速查卡.pdf,大语言模型零基础课/第11讲/02_第11讲_TransformerBlock核心概念速查卡.pdf,70147,9f1686d4539d22950f0a23ee13b5e012db10938a40eaf0f1cf70b0b5a930da87
03_第11讲_练习题与答案.pdf,大语言模型零基础课/第11讲/03_第11讲_练习题与答案.pdf,117629,76dfadc8fc071c73c90e19f9ba30e3cf53b404e1361d29365fda021938e8995c
04_tiny_transformer_block_demo.py,大语言模型零基础课/第11讲/04_tiny_transformer_block_demo.py,3001,c313954135f8181c62a3b4416a7c8a5910e9268cb64048bab571bc820812ef7b
大语言模型零基础课_第11讲_材料包.zip,大语言模型零基础课/第11讲/大语言模型零基础课_第11讲_材料包.zip,501211,de65213911c8d098dc62ce3284c4afcd337c2353624f5801c4d7f21fd775e8e8
01_第12讲_GPT到底是什么结构_完整讲义.pdf,大语言模型零基础课/第12讲/01_第12讲_GPT到底是什么结构_完整讲义.pdf,337234,58398204fec6b1feb9a1ae1e6e114144e8e89ef0d6686cde3c080e567ad047f5
02_第12讲_GPT结构核心概念速查卡.pdf,大语言模型零基础课/第12讲/02_第12讲_GPT结构核心概念速查卡.pdf,75748,0895661bd41324fb6bc598c2b3bb448029305d54b8a8812fe692f7b74961fae4
03_第12讲_练习题与答案.pdf,大语言模型零基础课/第12讲/03_第12讲_练习题与答案.pdf,145981,f6ff1f880d4eda708b11d0e0f4af0e43673b420a6b805390a198b9e16d667439
04_architecture_masks_demo.py,大语言模型零基础课/第12讲/04_architecture_masks_demo.py,1808,36715c957cd74e69bdc665f00cef852cb0a20ea5daae10b864346e3e64b2cb02
大语言模型零基础课_第12讲_材料包.zip,大语言模型零基础课/第12讲/大语言模型零基础课_第12讲_材料包.zip,529123,f3893f4e699fa8d8312ffc92012fde9326808dce837acb16d1bbbfcdb47879d3
01_第13讲_Pretraining_大语言模型怎样预训练出来_完整讲义.pdf,大语言模型零基础课/第13讲/01_第13讲_Pretraining_大语言模型怎样预训练出来_完整讲义.pdf,404379,605aedd58b22c6a3d77a98b473d3c9ba385e1067ca337727cd22f1f300963dd0
02_第13讲_Pretraining核心概念速查卡.pdf,大语言模型零基础课/第13讲/02_第13讲_Pretraining核心概念速查卡.pdf,85011,16afe1c97635afde3eaeebd2758c0f7aba0be2ccfe433761d0b1e72b361ffaf3
03_第13讲_练习题与答案.pdf,大语言模型零基础课/第13讲/03_第13讲_练习题与答案.pdf,151196,c3e20835094e0489e2a4094ac394913b1633373113054020746711b78e050dd0
04_toy_bigram_pretraining.py,大语言模型零基础课/第13讲/04_toy_bigram_pretraining.py,2269,ecbd4bb3412cb7d02f34fe6691b06f432fe015016e61b0e72bd60000878c714f
大语言模型零基础课_第13讲_材料包.zip,大语言模型零基础课/第13讲/大语言模型零基础课_第13讲_材料包.zip,606716,598167dd712e06ecbc583b74ecb60f4df03d3715f3945850b6cbd2e7df970af8
01_第14讲_训练数据_大语言模型到底吃什么长大_完整讲义.pdf,大语言模型零基础课/第14讲/01_第14讲_训练数据_大语言模型到底吃什么长大_完整讲义.pdf,417394,2d6da0712687423bb632d570bcada26776abae4db2e3a19590370760460d0cc7
02_第14讲_训练数据核心概念速查卡.pdf,大语言模型零基础课/第14讲/02_第14讲_训练数据核心概念速查卡.pdf,102853,34e22738a0fab823fddd1f25b140b1b23f2b426671b1cc7fe83d8075f5967245
03_第14讲_练习题与答案.pdf,大语言模型零基础课/第14讲/03_第14讲_练习题与答案.pdf,176065,5ce4f6ba9319483f5910c58ab90478274a2ed3063cb801b77483ea12b799599a
04_training_data_pipeline_demo.py,大语言模型零基础课/第14讲/04_training_data_pipeline_demo.py,3953,fd376df7c1d80d3c09a04248c3d41247cde2c3544fd4d1f09c71216c911e638e
04_training_data_pipeline_demo_output.txt,大语言模型零基础课/第14讲/04_training_data_pipeline_demo_output.txt,1020,68ca11a236066c31d6d93b774b3a99cadae9f19f664494673e0c497193794a63
大语言模型零基础课_第14讲_材料包.zip,大语言模型零基础课/第14讲/大语言模型零基础课_第14讲_材料包.zip,644333,89f24ec2a36191e6f4b9a3063882a1ab4ff44eb71115d5a4a51e36fd421b53bd
01_第15讲_ScalingLaw_参数数据算力为什么必须一起扩展_完整讲义.pdf,大语言模型零基础课/第15讲/01_第15讲_ScalingLaw_参数数据算力为什么必须一起扩展_完整讲义.pdf,347090,ecb257bacad2a6b27052092215e69a9a8a6cb202858de2738ed4bc05f26b1131
02_第15讲_ScalingLaw核心概念速查卡.pdf,大语言模型零基础课/第15讲/02_第15讲_ScalingLaw核心概念速查卡.pdf,100205,73aced35cdc7baeb63f772375df74a4dea5ac413620e2ff9f693548b9f9c8cb0
03_第15讲_练习题与答案.pdf,大语言模型零基础课/第15讲/03_第15讲_练习题与答案.pdf,156670,e82ff3994546c84a22d6cdb34f0fb5256fa5a33d9ee6d940a3ea91c1c5947178
04_scaling_law_toy_demo.py,大语言模型零基础课/第15讲/04_scaling_law_toy_demo.py,2056,c54f5077e59492c5fc2ab247dacef96aafb25c4a7ac200b97720f084a5e0a9f2
04_scaling_law_toy_demo_output.txt,大语言模型零基础课/第15讲/04_scaling_law_toy_demo_output.txt,1129,3ab60c8b694bb3e82cc054def25071aeb293aa30221d83f00db2533060d0a7a0
大语言模型零基础课_第15讲_材料包.zip,大语言模型零基础课/第15讲/大语言模型零基础课_第15讲_材料包.zip,577219,f315ebce08581a9fd6578d038c8103bd3489f8d97ab882a05f2dcc8847768601
01_第16讲_InstructionTuning_从BaseModel到Assistant_完整讲义.pdf,大语言模型零基础课/第16讲/01_第16讲_InstructionTuning_从BaseModel到Assistant_完整讲义.pdf,362464,5c64ece5c03558c4a1034e05e315669d4286271636413b4c7592001030336b82
02_第16讲_InstructionTuning核心概念速查卡.pdf,大语言模型零基础课/第16讲/02_第16讲_InstructionTuning核心概念速查卡.pdf,74983,b90892c1900ffbfacc55b35cdaf877044c019a6e846c9219591efeb6dd34683d
03_第16讲_练习题与答案.pdf,大语言模型零基础课/第16讲/03_第16讲_练习题与答案.pdf,197025,7c5c0faba6a091bcf76b2ad71c8e2adba359c4bc17c6fd00da477c0c35edaa39
04_sft_loss_mask_demo.py,大语言模型零基础课/第16讲/04_sft_loss_mask_demo.py,2412,97854e49ece058125f4302e77414494fedcde6628a03600f251829d959e63365
04_sft_loss_mask_demo_output.txt,大语言模型零基础课/第16讲/04_sft_loss_mask_demo_output.txt,1769,1126ba594aaeb1f51b34afd8ee2a6d9d2548b40b4033d620e397c69da87a1c3b
大语言模型零基础课_第16讲_材料包.zip,大语言模型零基础课/第16讲/大语言模型零基础课_第16讲_材料包.zip,604752,2adde1e00125c5996b13382183d46973b89400e74c0fa3437971209e1e8f076b
01_第17讲_PreferenceLearning_RLHF_RLAIF_DPO_完整讲义.pdf,大语言模型零基础课/第17讲/01_第17讲_PreferenceLearning_RLHF_RLAIF_DPO_完整讲义.pdf,350204,f2d845c3354399b9459729b0d5ec7be24781a4d586e08c8b611de2f4006dbee3
02_第17讲_PreferenceLearning核心概念速查卡.pdf,大语言模型零基础课/第17讲/02_第17讲_PreferenceLearning核心概念速查卡.pdf,75541,eadc453c8b7ac5a3b399c9c88e5c98ef4a0c57ea0ac8214db49ca4d57f0cb199
03_第17讲_练习题与答案.pdf,大语言模型零基础课/第17讲/03_第17讲_练习题与答案.pdf,135112,e9a6d77144ccc8bc93694fd08610c860a1a5ceec1705eca787bb0777bdade882
04_preference_learning_demo.py,大语言模型零基础课/第17讲/04_preference_learning_demo.py,2092,5037f9c0e5460dc90eb0f803a6ae5920de54d549f77106a51dd5a261c603e3df
04_preference_learning_demo_output.txt,大语言模型零基础课/第17讲/04_preference_learning_demo_output.txt,1232,75a87a88827554048514f0af6e9d8c86ec21c0a20d4ae1c8293976ded10125dd
大语言模型零基础课_第17讲_材料包.zip,大语言模型零基础课/第17讲/大语言模型零基础课_第17讲_材料包.zip,533159,0c6057ecd4e83c108cf2c3d79300e3edbbe816ccab548a732bb3104930ebcc63
01_第18讲_Reasoning与TestTimeCompute_完整讲义.pdf,大语言模型零基础课/第18讲/01_第18讲_Reasoning与TestTimeCompute_完整讲义.pdf,525500,d6b1489055f2a20a9b6af6beb687f61506642b6065c919990f6a881cf8b723bf
02_第18讲_Reasoning与TestTimeCompute核心概念速查卡.pdf,大语言模型零基础课/第18讲/02_第18讲_Reasoning与TestTimeCompute核心概念速查卡.pdf,89524,8e123902e93d83c9d24719cd677a38168c32d7bab8383e94e6fbd595156a555f
03_第18讲_练习题与答案.pdf,大语言模型零基础课/第18讲/03_第18讲_练习题与答案.pdf,190632,4a4e4e3836854a10e8f85e582ae6363c53755af2d3c09a8a0475d34d2cd95420
04_test_time_compute_demo.py,大语言模型零基础课/第18讲/04_test_time_compute_demo.py,1643,8b81f957cfa351fb3c7e8fcce69ed92785b6e276cd57e0780c3b4d81cf535414
04_test_time_compute_demo_output.txt,大语言模型零基础课/第18讲/04_test_time_compute_demo_output.txt,919,aa79e7e35df6084dea2de5054bb74fb5d65cdddaaac288032f62f07107033081
test_time_scaling_demo.png,大语言模型零基础课/第18讲/test_time_scaling_demo.png,75659,0be3138d0c2bd0ca6c4a19d2923f93045a992d6e1f619ea22fcebfa971e957e5
大语言模型零基础课_第18讲_材料包.zip,大语言模型零基础课/第18讲/大语言模型零基础课_第18讲_材料包.zip,817992,15720ccc017dd5f748dbf681798ac946078958f8727e79751e01b19cd2b0dd70
01_第19讲_Inference_按下发送后模型内部发生什么_完整讲义.pdf,大语言模型零基础课/第19讲/01_第19讲_Inference_按下发送后模型内部发生什么_完整讲义.pdf,396106,c98a12f3587adeab84fb9d8b3d220539fc1d15ec51bca1395ebda784cee3179e
02_第19讲_Inference核心概念速查卡.pdf,大语言模型零基础课/第19讲/02_第19讲_Inference核心概念速查卡.pdf,103810,164b7a278b4bb671781bcc6ab86f3760b73cce260958b68bba29aa7ec4ad6398
03_第19讲_练习题与答案.pdf,大语言模型零基础课/第19讲/03_第19讲_练习题与答案.pdf,170003,d24e8ed435c39f536d084551da3327410fbfea97e70c829b220d96cac8886975
04_inference_kv_cache_demo.py,大语言模型零基础课/第19讲/04_inference_kv_cache_demo.py,3220,289b75d8dc77600518017e952ffbaa3c82f47d312d7995bbeae8608f5466cc1a
04_inference_kv_cache_demo_output.txt,大语言模型零基础课/第19讲/04_inference_kv_cache_demo_output.txt,871,b8e8df2f6298d2f2418995867888c9d6d42e68915386ff94b96a356da492d325
大语言模型零基础课_第19讲_材料包.zip,大语言模型零基础课/第19讲/大语言模型零基础课_第19讲_材料包.zip,633061,3cecbd9df035f08eba38144245abf124eb576a14476c3ea1ba15d7418bba47f5
01_第20讲_Temperature_TopK_TopP_模型为什么每次回答不一样_完整讲义.pdf,大语言模型零基础课/第20讲/01_第20讲_Temperature_TopK_TopP_模型为什么每次回答不一样_完整讲义.pdf,434580,95810ba04835a4574f0b234a246cb3133903c56c4fcba34f990770d782ab2860
02_第20讲_采样与解码核心概念速查卡.pdf,大语言模型零基础课/第20讲/02_第20讲_采样与解码核心概念速查卡.pdf,102077,c3bb5c87ac590d9db85179c28770f7dd2199cbc14a317bf049c8e779673b7d17
03_第20讲_练习题与答案.pdf,大语言模型零基础课/第20讲/03_第20讲_练习题与答案.pdf,138409,b1f6eddde8d6a4ab933da592f23b4fad577c45b7982a7eb0ec2520e9f3338da3
04_sampling_temperature_topk_topp_demo.py,大语言模型零基础课/第20讲/04_sampling_temperature_topk_topp_demo.py,2779,4a64640910c79b101d92ad30db64db5ce6a5843069686c45dc4e887c44a0523a
04_sampling_temperature_topk_topp_demo_output.txt,大语言模型零基础课/第20讲/04_sampling_temperature_topk_topp_demo_output.txt,1449,1181b80f613dd7fd3c52588de31f1614346dc34f8f500acb2682d52222940239
sampling_probability_demo.png,大语言模型零基础课/第20讲/sampling_probability_demo.png,41878,ad5e197e8b1dfd75d04ca6b50cbecf7a3c88ded8a70cf62e434d61f542454c13
大语言模型零基础课_第20讲_材料包.zip,大语言模型零基础课/第20讲/大语言模型零基础课_第20讲_材料包.zip,655650,76254869927d05024d709d5dd353ab8e447e9f3cbbfb659bb3f601703e46fe87
01_第21讲_ContextWindow_上下文窗口与长期记忆_完整讲义.pdf,大语言模型零基础课/第21讲/01_第21讲_ContextWindow_上下文窗口与长期记忆_完整讲义.pdf,471684,e47961ed7ac9ae32bb5ed44ed3fbf593db5d9221adeeacacd6bd37c2c977fac0
02_第21讲_ContextWindow核心概念速查卡.pdf,大语言模型零基础课/第21讲/02_第21讲_ContextWindow核心概念速查卡.pdf,105564,5595cdde100a2f442ede507a81eb66a35277ad441b0cc00363bd374ac38a8786
03_第21讲_练习题与答案.pdf,大语言模型零基础课/第21讲/03_第21讲_练习题与答案.pdf,152233,55a31aaf9cc08e13e839e3c5e6a605bf6971b076ee314e6eee3b0eda79413339
04_context_window_budget_demo.py,大语言模型零基础课/第21讲/04_context_window_budget_demo.py,3056,63e4c3632a54c80d1ef9c3184d283edc9eac400aada304b8383c122dad3ef0b3
04_context_window_budget_demo_output.txt,大语言模型零基础课/第21讲/04_context_window_budget_demo_output.txt,2007,f8b38f820e38fe6850fe6d8570c7c5c1aeda4e51b71315acabc846b799ecdd31
context_budget_demo.png,大语言模型零基础课/第21讲/context_budget_demo.png,78701,045d824afa0debce7f5521bfe5e69da855755b34c7381d8bed7d3c4607846e01
大语言模型零基础课_第21讲_材料包.zip,大语言模型零基础课/第21讲/大语言模型零基础课_第21讲_材料包.zip,750424,c2562e82e8865b8141faa28ddae799c4330b8b4ee854c38399742fbe815f273a
01_第22讲_KVCache_Prefill_Decode与推理性能_完整讲义.pdf,大语言模型零基础课/第22讲/01_第22讲_KVCache_Prefill_Decode与推理性能_完整讲义.pdf,485279,6c8b4acbdf10aab7f6815ed61318a095c6cd512ddf7fb272792acb16d12fee45
02_第22讲_KVCache与推理性能核心概念速查卡.pdf,大语言模型零基础课/第22讲/02_第22讲_KVCache与推理性能核心概念速查卡.pdf,83758,80e65cc4de99b6f318b8bc5a9ed7aa488db85141d14be073b5e01dae37d7af4a
03_第22讲_练习题与答案.pdf,大语言模型零基础课/第22讲/03_第22讲_练习题与答案.pdf,142946,e81c337ab9a958bab5776ef7829596465acbdef5a9e558f2e763278b9fe806f4
04_kv_cache_inference_performance_demo.py,大语言模型零基础课/第22讲/04_kv_cache_inference_performance_demo.py,2745,80d1420e856f9a98632d6c79a034f047214a5a7f453fb0f6147cdb87ab94600b
04_kv_cache_inference_performance_demo_output.txt,大语言模型零基础课/第22讲/04_kv_cache_inference_performance_demo_output.txt,1355,75efd98cb24c64ba75fa12b01f7a3b0bac9601025bb783b2e11bd118083f7ac6
kv_cache_scaling_demo.png,大语言模型零基础课/第22讲/kv_cache_scaling_demo.png,90568,ff6bb1e0261c5cfb09da197e52d6ce3128b43e1de577c37ed5c6a2ee33241d3d
大语言模型零基础课_第22讲_材料包.zip,大语言模型零基础课/第22讲/大语言模型零基础课_第22讲_材料包.zip,741039,280f3645aa364a04c87a1113dd5cd9d9fae35e079426a06c84366f70b0b6e225
01_第23讲_量化蒸馏与MoE_模型怎样变轻又保持能力_完整讲义.pdf,大语言模型零基础课/第23讲/01_第23讲_量化蒸馏与MoE_模型怎样变轻又保持能力_完整讲义.pdf,652538,49744e9b54c95efb932dbd0d7b1b69740db4e7172c28ed26b9c304dbfa39e9fe
02_第23讲_量化蒸馏MoE核心概念速查卡.pdf,大语言模型零基础课/第23讲/02_第23讲_量化蒸馏MoE核心概念速查卡.pdf,76332,97608e6b11a7e5639bdce09af5bb889cfa59b488b910748600b7a7c8a4b2f501
03_第23讲_练习题与答案.pdf,大语言模型零基础课/第23讲/03_第23讲_练习题与答案.pdf,130226,50c4cd68d6c831d23df1b33580f5bf088f8a1c001c62953bf31648c5352070e3
04_quantization_distillation_moe_demo.py,大语言模型零基础课/第23讲/04_quantization_distillation_moe_demo.py,2633,94509645a339c1918f02b82b8e3a23acd6460618b0866a5fc5356c55655e1685
04_quantization_distillation_moe_demo_output.txt,大语言模型零基础课/第23讲/04_quantization_distillation_moe_demo_output.txt,971,770a66e47bc6ef187e40ba93431ff05eae26534e115faa2707b0dffc6e0f2654
quantization_demo.png,大语言模型零基础课/第23讲/quantization_demo.png,205662,302c63253003f6ed83f7c8cfd7edb5bc589f68d7d6699306d4a6a79dccfc921a
大语言模型零基础课_第23讲_材料包.zip,大语言模型零基础课/第23讲/大语言模型零基础课_第23讲_材料包.zip,975776,2b046462dc0422cc6ea7773d7385b8da4071c776c2deffef44834d443a9bb5ec
01_第24讲_Hallucination_为什么模型说得像真的却仍然会错_完整讲义.pdf,大语言模型零基础课/第24讲/01_第24讲_Hallucination_为什么模型说得像真的却仍然会错_完整讲义.pdf,259307,4f08b8e1b9486d8d2c4242b5ff3cbf739d3f36320187888295cb0c33ad695149
02_第24讲_Hallucination核心概念速查卡.pdf,大语言模型零基础课/第24讲/02_第24讲_Hallucination核心概念速查卡.pdf,99005,3df1d3aa3d188f01c8182e508f27e750ca51d9dc9301afdf3ff56e388f04a516
03_第24讲_练习题与答案.pdf,大语言模型零基础课/第24讲/03_第24讲_练习题与答案.pdf,120402,e54757a63d225bfc0cf965b9b48dc71b66754e4f548df9ac8aa7e48362218ed2
04_hallucination_grounding_demo.py,大语言模型零基础课/第24讲/04_hallucination_grounding_demo.py,2173,78f3752a5eb179a919059c075757519035455d7ee3b1955ac65264d40d31bc29
04_hallucination_grounding_demo_output.txt,大语言模型零基础课/第24讲/04_hallucination_grounding_demo_output.txt,467,3b49451d35f6c1e1484d23e92f950e616ab08ad9d641c2fd4c6e55ad88e1c910
大语言模型零基础课_第24讲_材料包.zip,大语言模型零基础课/第24讲/大语言模型零基础课_第24讲_材料包.zip,434257,be2cf03f6134d53799a3a3a72aaff45666770dd864b6c4f132550fa816c11641
01_第25讲_LLM到底有没有记忆_参数Context_KVCache_RAG与AgentMemory_完整讲义.pdf,大语言模型零基础课/第25讲/01_第25讲_LLM到底有没有记忆_参数Context_KVCache_RAG与AgentMemory_完整讲义.pdf,264762,5b7e734c48deedeec92bf9dd650dda6b4ee2735f3455280580e10a80671eaeb1
02_第25讲_LLM记忆核心概念速查卡.pdf,大语言模型零基础课/第25讲/02_第25讲_LLM记忆核心概念速查卡.pdf,74236,52ffa8dbde193cfd33f48a04e2590c28c07ca1b0c03d8129e239719b2ade681b
03_第25讲_练习题与答案.pdf,大语言模型零基础课/第25讲/03_第25讲_练习题与答案.pdf,122515,0aef08fe0ac56f56f7a5b35554d7c3d24c02ad9773f6a1ab95c64bb6895ab862
04_agent_memory_demo.py,大语言模型零基础课/第25讲/04_agent_memory_demo.py,2555,282af6047e2d07676981ddee639c36c83d9eb7cd5eec3c8bd478c6f74d1ed307
04_agent_memory_demo_output.txt,大语言模型零基础课/第25讲/04_agent_memory_demo_output.txt,1046,6596889f260e650d51ecf559264bae93fb81d5da4d409b2e54c24e206e91ed5f
大语言模型零基础课_第25讲_材料包.zip,大语言模型零基础课/第25讲/大语言模型零基础课_第25讲_材料包.zip,441528,abdfe772d7f1349027ce8104dc78cbfa2a986822423d41470e59744039083603
01_第26讲_RAG_Embedding向量检索ChunkRecall与Grounding_完整讲义.pdf,大语言模型零基础课/第26讲/01_第26讲_RAG_Embedding向量检索ChunkRecall与Grounding_完整讲义.pdf,250626,de203034919373fcd1df47dd911696f0444161a70fbb710a1f790c85097ec12e
02_第26讲_RAG核心概念速查卡.pdf,大语言模型零基础课/第26讲/02_第26讲_RAG核心概念速查卡.pdf,61130,2b0690550130c79d9aeef086ff85761ea3efcdef8025badb9a4e99726e810ab8
03_第26讲_练习题与答案.pdf,大语言模型零基础课/第26讲/03_第26讲_练习题与答案.pdf,113582,1c50e3c973b5abc003fb075894216ef2f1df4efe7de411a7b5c821a4b45de36d
04_toy_rag_retrieval_demo.py,大语言模型零基础课/第26讲/04_toy_rag_retrieval_demo.py,4373,b2d81878c85e17e861577fcc2262e73fa2e371bf67ffe04cbab92518447522b2
04_toy_rag_retrieval_demo_output.txt,大语言模型零基础课/第26讲/04_toy_rag_retrieval_demo_output.txt,1403,ab7a3c8b6318168b0fcd0a5ad1d51f6bf6fb1a249c976b50b8f087dc8c947511
rag_recall_precision_demo.png,大语言模型零基础课/第26讲/rag_recall_precision_demo.png,54243,9f92555bc277a6c91dbc1129ec2cc1cb14ae93a31da4d86afb17634e6e8ce189
大语言模型零基础课_第26讲_材料包.zip,大语言模型零基础课/第26讲/大语言模型零基础课_第26讲_材料包.zip,455200,9560cb78fef4ff913bc7858384aa186697e85c3e70ec787203c575be0dda8830
01_第27讲_ToolUse_FunctionCalling_从会说话到会调用工具_完整讲义.pdf,大语言模型零基础课/第27讲/01_第27讲_ToolUse_FunctionCalling_从会说话到会调用工具_完整讲义.pdf,239882,3817c61fd76911be462c322ce05e6979f2a2f4eba2ba2be238a8067271909e80
02_第27讲_ToolUse_FunctionCalling核心概念速查卡.pdf,大语言模型零基础课/第27讲/02_第27讲_ToolUse_FunctionCalling核心概念速查卡.pdf,56494,52c970e4568d0d547ff6e8def39b8b4c24ace6376749c646bbba844bbd80e22c
03_第27讲_练习题与答案.pdf,大语言模型零基础课/第27讲/03_第27讲_练习题与答案.pdf,116804,f11c69921893708988d2a15b0edc75bcb6564d86000070c2ad9f0351cea4de1d
04_tool_runtime_demo.py,大语言模型零基础课/第27讲/04_tool_runtime_demo.py,4087,3aa4fe4a4a5e36c39848101850738869fce9e88b52eb35ee3b3494d6ed45b808
04_tool_runtime_demo_output.txt,大语言模型零基础课/第27讲/04_tool_runtime_demo_output.txt,1333,0d6a59b0c8c8f4abf175c68b27e29df7c84250c79af0921d45d72cfeb077fecf
大语言模型零基础课_第27讲_材料包.zip,大语言模型零基础课/第27讲/大语言模型零基础课_第27讲_材料包.zip,395534,4c4706181e534bea26b858a36f727ea92a360ac920f740128ae4524c415cdf3e
01_第28讲_从LLM到Agent_Planning_State_Memory_Tools_Environment_完整讲义.pdf,大语言模型零基础课/第28讲/01_第28讲_从LLM到Agent_Planning_State_Memory_Tools_Environment_完整讲义.pdf,238280,9c10a8fcbe9a36a33842232a8c09f15aeda547890ffc3448216af43bc7ef683a
02_第28讲_从LLM到Agent核心概念速查卡.pdf,大语言模型零基础课/第28讲/02_第28讲_从LLM到Agent核心概念速查卡.pdf,61019,0eb3f5672b94a279bbbb6ec9ef566ae14155f619412bf7a847f5199acddaa6af
03_第28讲_练习题与答案.pdf,大语言模型零基础课/第28讲/03_第28讲_练习题与答案.pdf,112944,2a932fca48e331d21d2e8101b90582d8b8e9347bab01a4233c0b25671174768d
04_toy_agent_loop_demo.py,大语言模型零基础课/第28讲/04_toy_agent_loop_demo.py,4860,1bbacdc181455f5ab706e11bab9b43e933fbbc7138a3108a1783a578732b0d20
04_toy_agent_loop_demo_output.txt,大语言模型零基础课/第28讲/04_toy_agent_loop_demo_output.txt,2906,0ce0fb993b43f69f162254f21a09a12b92dd92351fdfa54e7c6523beb26e4d47
大语言模型零基础课_第28讲_材料包.zip,大语言模型零基础课/第28讲/大语言模型零基础课_第28讲_材料包.zip,394063,0e357d04f502533dfacb1128d17a4d31cbd19ea3fa63747f0399b86304ab3426
01_第29讲_单Agent与多Agent_角色通信协调与集体决策_完整讲义.pdf,大语言模型零基础课/第29讲/01_第29讲_单Agent与多Agent_角色通信协调与集体决策_完整讲义.pdf,235341,14fccc7128adc767a558d73a4b938b2cab66da9f1171ca2f116e1e446b2b7a51
02_第29讲_单Agent与多Agent核心概念速查卡.pdf,大语言模型零基础课/第29讲/02_第29讲_单Agent与多Agent核心概念速查卡.pdf,53583,cd764b4692a10373bbe35479f15fd45bd074acf8fe7048bc1c0f0403d14d4b0c
03_第29讲_练习题与答案.pdf,大语言模型零基础课/第29讲/03_第29讲_练习题与答案.pdf,115937,30ba8d2bf77e2621743a28326c016983c489286d28f35ceedf138d68c111df8b
04_error_correlation_collective_gain_demo.py,大语言模型零基础课/第29讲/04_error_correlation_collective_gain_demo.py,3317,9133cc545ae88e1c07c54f714ab2ff70d3e876696600be83774a081f8ca42875
04_error_correlation_collective_gain_demo_output.txt,大语言模型零基础课/第29讲/04_error_correlation_collective_gain_demo_output.txt,1456,d7d012b5f27ae96a87e6c5753bab704c3dd623f3f118ed9c1f87694b2f0fc78f
error_correlation_collective_gain_demo.png,大语言模型零基础课/第29讲/error_correlation_collective_gain_demo.png,89191,8caa5f3d76fc7f190033b5c47c8d31475a5231776a49bb62f82ec2f811bf047c
大语言模型零基础课_第29讲_材料包.zip,大语言模型零基础课/第29讲/大语言模型零基础课_第29讲_材料包.zip,467798,65ddb750c4188c1fa4cd30b389ef8c1e7296127f45d2538f126bf4ee0dd79afe
01_第30讲_LLM基础到AgentSystems_完整知识地图与科研接口_完整讲义.pdf,大语言模型零基础课/第30讲/01_第30讲_LLM基础到AgentSystems_完整知识地图与科研接口_完整讲义.pdf,238005,0600c3bc127d602439a8428e4aff8f78f9102e6f9fb59045bc56f1205dc1c679
02_第30讲_LLM到AgentSystems总地图速查卡.pdf,大语言模型零基础课/第30讲/02_第30讲_LLM到AgentSystems总地图速查卡.pdf,52205,03410b11ab79b4f4c2227be664a13b55726a24f86f0bf3cce8c8a25c8b0247fe
03_第30讲_练习题与答案.pdf,大语言模型零基础课/第30讲/03_第30讲_练习题与答案.pdf,119931,f5732f9b55bf4de97c4bf105c2e3bdab376998f190b593e0145c81168cd549e0
04_agent_system_metrics_demo.py,大语言模型零基础课/第30讲/04_agent_system_metrics_demo.py,2043,ad70663121714ead07acd571fef871b66d157c1aa8c9fe74d2d2bcc64e213c9c
04_agent_system_metrics_demo_output.txt,大语言模型零基础课/第30讲/04_agent_system_metrics_demo_output.txt,643,a3fedc1158262dfb0475f5d6ddd1cebd68e568cc44e341b0ab116ac7ebc1760a
大语言模型零基础课_第30讲_材料包.zip,大语言模型零基础课/第30讲/大语言模型零基础课_第30讲_材料包.zip,392561,bd9f2fd5a6f9fd43c30099c638a444030baa5f76fbc1d47a1791d5cf17a7a1a4
01_第31讲_LLM_Evaluation_Benchmark_PassAtK_LLMJudge与评测陷阱_完整讲义.pdf,大语言模型零基础课/第31讲/01_第31讲_LLM_Evaluation_Benchmark_PassAtK_LLMJudge与评测陷阱_完整讲义.pdf,223882,2005d37d85cceb9ce396128d578707c61a50063df0e124dffe6be5a6db3427d0
02_第31讲_LLM_Evaluation核心概念速查卡.pdf,大语言模型零基础课/第31讲/02_第31讲_LLM_Evaluation核心概念速查卡.pdf,48040,9149cc26d475238d07d91863bab9e4a4aabe73c68d75be459515d4a25f99f55e
03_第31讲_练习题与答案.pdf,大语言模型零基础课/第31讲/03_第31讲_练习题与答案.pdf,104031,29c0d67843d1013335b681eb8006460376ae50d834c0fa1058e99ce1bf27fc8b
04_evaluation_passk_judge_bias_demo.py,大语言模型零基础课/第31讲/04_evaluation_passk_judge_bias_demo.py,2516,b6315f395d1f3e3f04bf02b41290f4013a0b193e132337eb033a0b3e34e3d680
04_evaluation_passk_judge_bias_demo_output.txt,大语言模型零基础课/第31讲/04_evaluation_passk_judge_bias_demo_output.txt,849,2703952aa09290064a077acec11f0beff75a05250ee7eab6b9617ff5ca2933c1
pass_at_k_demo.png,大语言模型零基础课/第31讲/pass_at_k_demo.png,44808,5b7e031791e1f0eefdcd9cff4249c19b7c9441dbc2f5863e2c4154f2f5176de9
大语言模型零基础课_第31讲_材料包.zip,大语言模型零基础课/第31讲/大语言模型零基础课_第31讲_材料包.zip,398991,5b0c1c4fef5e1f96192c540097a09d781211c23475d63ff0b9e2c8526a5dff68
01_第32讲_Uncertainty_Calibration_Confidence_Entropy_ECE_Abstention_完整讲义.pdf,大语言模型零基础课/第32讲/01_第32讲_Uncertainty_Calibration_Confidence_Entropy_ECE_Abstention_完整讲义.pdf,218052,05e8151b024702308b99ab7ae23dc050133a5c9deea3720267b19698ecd1c261
02_第32讲_Uncertainty_Calibration核心概念速查卡.pdf,大语言模型零基础课/第32讲/02_第32讲_Uncertainty_Calibration核心概念速查卡.pdf,55859,4b4ad70a4b6188b1aae65a48f4a16ff7843933247f123658715400001a7370d8
03_第32讲_练习题与答案.pdf,大语言模型零基础课/第32讲/03_第32讲_练习题与答案.pdf,94679,f907767aaede57e6ecabc5eec8bc7aa1e5b5558b7dabd92c17929362cdcbb24c
04_uncertainty_calibration_demo.py,大语言模型零基础课/第32讲/04_uncertainty_calibration_demo.py,3679,afd49448ac2bd4fbdf319c6749095d94e2823a3256f26919ce183792f2b36f1e
04_uncertainty_calibration_demo_output.txt,大语言模型零基础课/第32讲/04_uncertainty_calibration_demo_output.txt,1241,cd3525f0f121c6fb41079ba775409bd13f0c4480f3253220d79f26269806d61a
reliability_diagram_demo.png,大语言模型零基础课/第32讲/reliability_diagram_demo.png,66813,725f588fc23ee6a49e9b40193d08860bc58a00608403f793e8cfaf4f9bccbb9c
risk_coverage_demo.png,大语言模型零基础课/第32讲/risk_coverage_demo.png,44817,5d9996240858266616dbcacf1885014c5763fb569b3b801894b6312bfe2eb78d
大语言模型零基础课_第32讲_材料包.zip,大语言模型零基础课/第32讲/大语言模型零基础课_第32讲_材料包.zip,452548,2869b43259a99a22764f568db600c335ee383c3b465bdd3a81c7088376607810
01_第33讲_FineTuning_LoRA_QLoRA_Prompt_RAG_Memory与参数更新_完整讲义.pdf,大语言模型零基础课/第33讲/01_第33讲_FineTuning_LoRA_QLoRA_Prompt_RAG_Memory与参数更新_完整讲义.pdf,209744,6c859c4daf1a7e994f9af098e5ee1a59b9a243ef5f6c9c95465b05e28d47d67a
02_第33讲_FineTuning_LoRA_QLoRA核心概念速查卡.pdf,大语言模型零基础课/第33讲/02_第33讲_FineTuning_LoRA_QLoRA核心概念速查卡.pdf,56462,55dc3a5ce76c7f45cbc92a62019db7729bfebd3453420c5e4aadd7f28ec6d850
03_第33讲_练习题与答案.pdf,大语言模型零基础课/第33讲/03_第33讲_练习题与答案.pdf,100507,62ec36b38da9b5171aaa1b195040ee3c1de4e9647be1fc501a7bf4c7670d5da7
04_lora_low_rank_demo.py,大语言模型零基础课/第33讲/04_lora_low_rank_demo.py,1594,b547a1caba270f2f4b1118f28efe972f5ba0e832639c2dabf6172361165c775a
04_lora_low_rank_demo_output.txt,大语言模型零基础课/第33讲/04_lora_low_rank_demo_output.txt,670,d1a5490e6023be554bf0f446c31e2796c4543e5564b8df4a2dbcbb386cccb17d
大语言模型零基础课_第33讲_材料包.zip,大语言模型零基础课/第33讲/大语言模型零基础课_第33讲_材料包.zip,350498,89443d7c31bad70ba64508ffda9310c75dc599c9d7fba339a3899783a7651096
01_第34讲_OpenSourceLLM_模型权重本地部署_API_HuggingFace_vLLM_llamacpp_完整讲义.pdf,大语言模型零基础课/第34讲/01_第34讲_OpenSourceLLM_模型权重本地部署_API_HuggingFace_vLLM_llamacpp_完整讲义.pdf,249851,fba556049e8555818929811511846943bfa7fbfea95c05b41bde1ab9040d79ee
02_第34讲_OpenSourceLLM核心概念速查卡.pdf,大语言模型零基础课/第34讲/02_第34讲_OpenSourceLLM核心概念速查卡.pdf,51226,1de847b7faca280c0a8900f233c9ca4533817dc09d3ad75ba848a60925249ab1
03_第34讲_练习题与答案.pdf,大语言模型零基础课/第34讲/03_第34讲_练习题与答案.pdf,99655,7c1dff19a5389c725bb1e4e257108d806131bfa640a5f55d7927d72d96b14574
04_local_deployment_memory_estimator.py,大语言模型零基础课/第34讲/04_local_deployment_memory_estimator.py,1409,021174b711b1f6a97b6ea965209e532b3097d471b18e6ea487925b527cacf1f3
04_local_deployment_memory_estimator_output.txt,大语言模型零基础课/第34讲/04_local_deployment_memory_estimator_output.txt,1056,c3cf10895516e3bea2ec19f51bef9d945899abfeb20ec1441e4104bf4182035a
05_当前软件生态参考.txt,大语言模型零基础课/第34讲/05_当前软件生态参考.txt,615,d47779286ec2beff072bd3a9959d952a6a433cb1e76859737996201bccbc8b60
大语言模型零基础课_第34讲_材料包.zip,大语言模型零基础课/第34讲/大语言模型零基础课_第34讲_材料包.zip,382192,3272429f6cf696f9c8bbba6d94274042bfc51c162fcc094e2a5a5f00b2663557
01_第35讲_LLM实验可复现性_Seed_Sampling_重复实验_置信区间_统计显著性_完整讲义.pdf,大语言模型零基础课/第35讲/01_第35讲_LLM实验可复现性_Seed_Sampling_重复实验_置信区间_统计显著性_完整讲义.pdf,227207,31730dd4de5970e5dd7fed46d7ff21d0e8af63e13226fea9ea9dfcbe426c466a
02_第35讲_LLM实验可复现性核心概念速查卡.pdf,大语言模型零基础课/第35讲/02_第35讲_LLM实验可复现性核心概念速查卡.pdf,54071,6ba8d2ab427372099795e00d2582953fb14b2133264194acb9240d8629aa6947
03_第35讲_练习题与答案.pdf,大语言模型零基础课/第35讲/03_第35讲_练习题与答案.pdf,98777,bbae3050fd611cd8da1b291d7b5c4f7ee5ab3faf3baa84aad734e62157479f18
04_reproducibility_statistics_demo.py,大语言模型零基础课/第35讲/04_reproducibility_statistics_demo.py,2914,92fab03e684b110b7d78e62d88a1cd9662739ff537d66565f970e84c3412e5a1
04_reproducibility_statistics_demo_output.txt,大语言模型零基础课/第35讲/04_reproducibility_statistics_demo_output.txt,1197,aa5450b147d8c072a00c098317133deb4c52d05b28a45cca38bb4a6f128d9a68
repeated_experiment_difference_distribution.png,大语言模型零基础课/第35讲/repeated_experiment_difference_distribution.png,45193,93a2d300f3ee35e588c0ae376450b4784ddc3c49f0402381cfc11ba51d1fbfa8
大语言模型零基础课_第35讲_材料包.zip,大语言模型零基础课/第35讲/大语言模型零基础课_第35讲_材料包.zip,400425,ea3bb4c49f97993a4dfbeeea5fe3ddd8fee3a7f983e85387b505b82f37f97e6c
01_第36讲_LLM_Agent科研实验最小闭环_从研究问题到论文表格_完整讲义.pdf,大语言模型零基础课/第36讲/01_第36讲_LLM_Agent科研实验最小闭环_从研究问题到论文表格_完整讲义.pdf,239376,5799b5c3fd6eafd93b0bd4dc113fd2772569e064b33b776871e897a602486e5b
02_第36讲_科研实验最小闭环核心速查卡.pdf,大语言模型零基础课/第36讲/02_第36讲_科研实验最小闭环核心速查卡.pdf,47157,cbecf55cdf52cd1c532a2bccfe7edfb8f3eb3e05b7adc8d58dc8650e150fdb20
03_第36讲_练习题与答案.pdf,大语言模型零基础课/第36讲/03_第36讲_练习题与答案.pdf,131395,0b9a11f199e5047c903b7d02a5832b9491eb0e62baf701a44fe740fd1c5c1190
04_research_minimum_loop_demo.py,大语言模型零基础课/第36讲/04_research_minimum_loop_demo.py,5720,afde47f40a3456e97b33577ede4861c7f26e23f0177cd6e0c1224584a41637ab
04_research_minimum_loop_demo_output.txt,大语言模型零基础课/第36讲/04_research_minimum_loop_demo_output.txt,1430,1e7a0f6fb092d44c94973f563dd2233e5b3b5b035b35c2abee5b23579e29ab8a
05_toy_paper_style_main_table.txt,大语言模型零基础课/第36讲/05_toy_paper_style_main_table.txt,880,8cc42b598d664812976cec689cdd58c90767149465ae24334403a0e7d91ab61b
research_mechanism_corr_gain_demo.png,大语言模型零基础课/第36讲/research_mechanism_corr_gain_demo.png,85074,97e1cbe4e03d0f0ccb8962a5bad71fc796de7f71b3ad855fa5167816dbf8e091
research_outcome_ci_demo.png,大语言模型零基础课/第36讲/research_outcome_ci_demo.png,55008,bc043017183a816e5b48df5ab6e6a5ea862c99a394bd212f2c2b6a9546b3246b
大语言模型零基础课_第36讲_材料包.zip,大语言模型零基础课/第36讲/大语言模型零基础课_第36讲_材料包.zip,516275,850d9f71b58d2e2b5eb9c3b481f1e9849fef603a7fb82d2dcda30c4237012e26
时间序列零基础教程_第1节_从原始数据到模型输入.docx,时间序列零基础教程/第01讲/时间序列零基础教程_第1节_从原始数据到模型输入.docx,541950,2cc73547f47ac0e1a10f8be412298a209d46c8ce2a2b8dad9ae009eef15c3a12
时间序列零基础教程_第2节_趋势季节性周期噪声与平稳性.docx,时间序列零基础教程/第02讲/时间序列零基础教程_第2节_趋势季节性周期噪声与平稳性.docx,690362,05d0b3705608b977af5ed6c222b79ffe21602820e5f664102a9e1ce8533e2f3b
时间序列零基础教程_第3节_滞后自相关ACF与时间依赖.docx,时间序列零基础教程/第03讲/时间序列零基础教程_第3节_滞后自相关ACF与时间依赖.docx,635341,a0a6d26c5ef35bf91f4b4c63f6403d35136fd432037baa7ee58706a703708d1e
时间序列零基础教程_第4节_多变量时间序列与跨通道依赖.docx,时间序列零基础教程/第04讲/时间序列零基础教程_第4节_多变量时间序列与跨通道依赖.docx,1068733,de3cbd193b272e975cf1b5b28fdd1fb974b67daea8553cc1bd6e60c7174f17c6
时间序列零基础教程_第5节_数据划分标准化与数据泄漏.docx,时间序列零基础教程/第05讲/时间序列零基础教程_第5节_数据划分标准化与数据泄漏.docx,762321,380c9e3f58bf2a1dd399d9596b2df28ed3cbc217d2161cb36c6cc6bf51806644
时间序列零基础教程_第6节_Forecasting任务与实验参数.docx,时间序列零基础教程/第06讲/时间序列零基础教程_第6节_Forecasting任务与实验参数.docx,563004,55f2111e1c4c814dc16256ea94e46b45e7cb41215365d8ad3a416d094c832c36
Agent_Systems_Foundations_01_CN.zip,智能体系统科研入门/基础补充01/Agent_Systems_Foundations_01_CN.zip,908271,30b253c76c095a26f120145bc9bbc94cdc1af80d499e357218305b52207927d4
Agent_Systems_Lesson01_CN.zip,智能体系统科研入门/第01讲/Agent_Systems_Lesson01_CN.zip,805832,00d42e604b488be40a0846188a51fd4fd864f64aac793d5a16f725cd3d108554
Agent_Systems_Lesson02_CN.zip,智能体系统科研入门/第02讲/Agent_Systems_Lesson02_CN.zip,1531443,f14952617f539461807d06b6d475ed863104a4d1b72b2923b60a79768dc51b24
Agent_Systems_Lesson04_CN.zip,智能体系统科研入门/第04讲/Agent_Systems_Lesson04_CN.zip,1462641,6200e81ed0838e8ca44d2ba694179d5e1ad22ce7b0277cfc9cd44f8a3ffb151b
Agent_Systems_Lesson05_CN.zip,智能体系统科研入门/第05讲/Agent_Systems_Lesson05_CN.zip,1502962,c7e8ed3890cfb3f142c753c2406732151a7b7d82b0db4876a8958f31d2219e7b
Agent_Systems_Lesson06_CN.zip,智能体系统科研入门/第06讲/Agent_Systems_Lesson06_CN.zip,1563069,7d977b4102dbcc40c3e837838f8087dfe65ca748c84f30b44c2b3a0627a29e1e
Agent_Systems_Lesson07_CN.zip,智能体系统科研入门/第07讲/Agent_Systems_Lesson07_CN.zip,1668834,0c4524a45e73f61201dfe91320bccfa129a762b2ab30b222b964a35248a4da8a
Agent_Systems_Lesson08_CN.zip,智能体系统科研入门/第08讲/Agent_Systems_Lesson08_CN.zip,2470864,3485958d560c4e3f484d9e674c3f8420f6405f5658ea17fa4f190b65d986fc14
Agent_Systems_Lesson09_CN.zip,智能体系统科研入门/第09讲/Agent_Systems_Lesson09_CN.zip,2634577,29f281532396cc65e6efa728f69cc1b3bb11a6a3169017651353be0fd2ba4104
README_第01讲.txt,深度学习数学与神经网络基础/第01讲/README_第01讲.txt,791,cfb5d90f12394c1fd0ccab3ea05bf5f1c1409ed88eec7c12c443506c8aa432d5
experiment_expected_output.txt,深度学习数学与神经网络基础/第01讲/experiment_expected_output.txt,2074,11fc8915d38f09b535360e7a3f0340643bd76cc8ae77ad4b409e0117463999e3
lesson01_tensor_shape_experiment.py,深度学习数学与神经网络基础/第01讲/lesson01_tensor_shape_experiment.py,4121,6d2963ca054c0eeebd3b103a62d638d50f73c74cc444453e2509f9878781b16b
第01讲_从一个数字到Tensor_完整材料包.zip,深度学习数学与神经网络基础/第01讲/第01讲_从一个数字到Tensor_完整材料包.zip,585847,28e33b6d652a398cd7c8c3c48852056ef7d5788ce7dc38e09babfd64b072a181
第01讲_实验设计_Scalar_Vector_Matrix_Tensor与Shape.pdf,深度学习数学与神经网络基础/第01讲/第01讲_实验设计_Scalar_Vector_Matrix_Tensor与Shape.pdf,138612,8ea12a77a2a7bc2d5b6a0477316143d8ee66e10c1c368b864d76215371303772
第01讲_核心概念速查卡.pdf,深度学习数学与神经网络基础/第01讲/第01讲_核心概念速查卡.pdf,99466,fc4ad9eadad5626982330814673fa50ec704a585a199330891997a6270206b76
第01讲_练习题与答案.pdf,深度学习数学与神经网络基础/第01讲/第01讲_练习题与答案.pdf,114775,da976593127815009e28d99bc2ae1d5284cacd30668db4ed1f66d066b8292d7c
第01讲_讲义_从一个数字到Tensor.pdf,深度学习数学与神经网络基础/第01讲/第01讲_讲义_从一个数字到Tensor.pdf,255268,684be38a8b9eade211faec9caa4d199ef37878f2a71ae52c2df72a18e7ec8ca0
README_第02讲.txt,深度学习数学与神经网络基础/第02讲/README_第02讲.txt,1940,94ee7379e1428f1c42274fb8e237a641e3f8b161c6bdbfaa8b486afd1ac27562
lesson02_shape_index_slice_experiment.py,深度学习数学与神经网络基础/第02讲/lesson02_shape_index_slice_experiment.py,6692,de6f395f4dcd1ffc119a73d820e137470040257f7bd33a102a4c6582c8d9590a
第02讲_Shape索引切片转置与维度变化_完整材料包.zip,深度学习数学与神经网络基础/第02讲/第02讲_Shape索引切片转置与维度变化_完整材料包.zip,632910,6e551445c3a46eaefc35d65d3773b0e8821b7720074d59591356a8edea51d65a
第02讲_实验实际输出.txt,深度学习数学与神经网络基础/第02讲/第02讲_实验实际输出.txt,5114,96fbd6ae7bd15f602571ed40034333186eba394639e61d1d31f105a9dd61ce5c
第02讲_实验设计_Tensor索引切片Reshape与Transpose.pdf,深度学习数学与神经网络基础/第02讲/第02讲_实验设计_Tensor索引切片Reshape与Transpose.pdf,168776,af6552925b19dffd1d147f0784c75854f22efae5c5d3890005c6fec978ca52c8
第02讲_核心概念速查卡.pdf,深度学习数学与神经网络基础/第02讲/第02讲_核心概念速查卡.pdf,105421,5a80d9b67b9f5867230eb60b2970fa45eed13ff3d2993b24ba600d01fc688265
第02讲_练习题与答案.pdf,深度学习数学与神经网络基础/第02讲/第02讲_练习题与答案.pdf,126647,fa36ec6c4682b449725ba6213e0c551ded6a03609fc2039e06c4c6da31891038
第02讲_讲义_Shape索引切片转置与维度变化.pdf,深度学习数学与神经网络基础/第02讲/第02讲_讲义_Shape索引切片转置与维度变化.pdf,251555,fe2b806800d6be892445713eb6380f0a73c0964557b2e26ea59f2b4bdabb4467
README_第03讲.txt,深度学习数学与神经网络基础/第03讲/README_第03讲.txt,1019,c6ea17b13c9def3b4a53053fa6104dd0110b7c0e9d1ddcd7d0b2c8afcd8bcd87
lesson03_dot_product_experiment.py,深度学习数学与神经网络基础/第03讲/lesson03_dot_product_experiment.py,2986,af323ef88412421b5cdf1dcd268ce8a4eb7a4fcd1c7aacaa118df0d3d488718d
第03讲_向量_DotProduct与相似度_完整材料包.zip,深度学习数学与神经网络基础/第03讲/第03讲_向量_DotProduct与相似度_完整材料包.zip,535087,9406247c9f2057aa9d84fc06bd6c9e37afdf7644d9f4f8c8b6fc99e6e5ffd621
第03讲_实验实际输出.txt,深度学习数学与神经网络基础/第03讲/第03讲_实验实际输出.txt,1717,6310705d8d70804c871f0a8678d89d70fcfd0a4b4d4fdde6b474fc25bcfc4077
第03讲_实验设计_DotProduct方向尺度与Attention打分.pdf,深度学习数学与神经网络基础/第03讲/第03讲_实验设计_DotProduct方向尺度与Attention打分.pdf,136808,af17bb694a7bdcaaf7460f74cb53e3c62c40ea1d260452a91b0456e20a2b6b0f
第03讲_核心概念速查卡.pdf,深度学习数学与神经网络基础/第03讲/第03讲_核心概念速查卡.pdf,97486,d0ae5cbf89c3e2b5e19f8df3391f38dcf6d1adf2ccd5ac9b87e74387be8e8703
第03讲_练习题与答案.pdf,深度学习数学与神经网络基础/第03讲/第03讲_练习题与答案.pdf,98808,35551f4ff0bfaeece4ef7ebcc04894cc3a1ca0517cfc82e80fb460fbe5ed17d0
第03讲_讲义_向量_DotProduct与相似度.pdf,深度学习数学与神经网络基础/第03讲/第03讲_讲义_向量_DotProduct与相似度.pdf,224029,d71b5544479cde559b15217dcb2aee95894353cd7a0420c8e60ab08cb9f6b896
README_第04讲.txt,深度学习数学与神经网络基础/第04讲/README_第04讲.txt,1261,fbf27d6b94421a46e7dff86c66aff8ec17030e91e9f80ae1d39344bd369984b3
lesson04_matrix_multiplication_experiment.py,深度学习数学与神经网络基础/第04讲/lesson04_matrix_multiplication_experiment.py,6889,8d5448d350f9bad052659e71da69773d17031549e559ac2abd76a566089bd22e
第04讲_MatrixMultiplication矩阵乘法_完整材料包.zip,深度学习数学与神经网络基础/第04讲/第04讲_MatrixMultiplication矩阵乘法_完整材料包.zip,615191,5a3352f5d7257d2beca9e57ff84577f82a82a641fd103c8a4c42d5d09f856cbe
第04讲_实验实际输出.txt,深度学习数学与神经网络基础/第04讲/第04讲_实验实际输出.txt,3768,1bb6ac249f8ef8a630cc8af6540e519715d908ef75280e495a7a3948db01b9b9
第04讲_实验设计_矩阵乘法与QKV投影.pdf,深度学习数学与神经网络基础/第04讲/第04讲_实验设计_矩阵乘法与QKV投影.pdf,159338,75b8b27abced2ea4860e951a1047512630669e9e2881be574646548b25c542c5
第04讲_核心概念速查卡.pdf,深度学习数学与神经网络基础/第04讲/第04讲_核心概念速查卡.pdf,108567,c6cd38e348765b3755793b3f2efb686a62a88e3a475b814003b43b3552ce3901
第04讲_练习题与答案.pdf,深度学习数学与神经网络基础/第04讲/第04讲_练习题与答案.pdf,132552,0c8d0ed91d2b3ae264367c86f450cb08bc41076818fc5154b553410bce299b1b
第04讲_讲义_MatrixMultiplication矩阵乘法.pdf,深度学习数学与神经网络基础/第04讲/第04讲_讲义_MatrixMultiplication矩阵乘法.pdf,236774,133af92de7603c737bbe534fff30d63f3ee5cc64818041218bafcbc18e56d2fa
README_第05讲.txt,深度学习数学与神经网络基础/第05讲/README_第05讲.txt,1042,c474dfdf2ff5440113c15cb4fa18c1fa03728574b1a11dd97cd19dde7eea70c5
lesson05_linear_weight_bias_experiment.py,深度学习数学与神经网络基础/第05讲/lesson05_linear_weight_bias_experiment.py,4057,c9d2d526a512528f869631ea78da1984a9eba4f828c57fb9651fdf2298dde598
第05讲_LinearTransformation_Weight与Bias_完整材料包.zip,深度学习数学与神经网络基础/第05讲/第05讲_LinearTransformation_Weight与Bias_完整材料包.zip,559541,47ee4b029d5a6be26028845c0bc786ffd070b5b4fa864a073bdceb95ea7f09f3
第05讲_实验实际输出.txt,深度学习数学与神经网络基础/第05讲/第05讲_实验实际输出.txt,2628,cd6de9f847c9e78873ce5ca9bbee8cb71a38a2a27fe41adfadfe833ca83ecfd9
第05讲_实验设计_LinearWeightBias与PyTorchLinear.pdf,深度学习数学与神经网络基础/第05讲/第05讲_实验设计_LinearWeightBias与PyTorchLinear.pdf,133022,86b871d74730487437e31615e17f7d871ec917cf41e15bb436e0fd24c9839b3c
第05讲_核心概念速查卡.pdf,深度学习数学与神经网络基础/第05讲/第05讲_核心概念速查卡.pdf,103741,23723a34e4a45976773550a6d3c6fc31b4c9858e94b5df4cd20bcb4cb4430b9d
第05讲_练习题与答案.pdf,深度学习数学与神经网络基础/第05讲/第05讲_练习题与答案.pdf,115104,17965609b52db1cd292c3fa6966d642cec97cecc88479e032bac42a207c31f85
第05讲_讲义_LinearTransformation_Weight与Bias.pdf,深度学习数学与神经网络基础/第05讲/第05讲_讲义_LinearTransformation_Weight与Bias.pdf,230993,b8982538e585dabc0d6c064ed67f538982595abbe938a690df296807d142821f
README_第06讲.txt,深度学习数学与神经网络基础/第06讲/README_第06讲.txt,1105,fe8e879973fda2f17bf7ae11a2866ec36777b88a2739cb41d4870a92a396da7a
lesson06_batch_tensor_experiment.py,深度学习数学与神经网络基础/第06讲/lesson06_batch_tensor_experiment.py,6024,a8bcaf8afaf40daf92b295b25235f56aadfc5046bf08a960b2ba93178cbacdd7
第06讲_Batch与批量矩阵运算_完整材料包.zip,深度学习数学与神经网络基础/第06讲/第06讲_Batch与批量矩阵运算_完整材料包.zip,576414,1976968a32b93203e5da5de0e358b1149716974d7a0263edeb87dd4a54ab68c5
第06讲_实验实际输出.txt,深度学习数学与神经网络基础/第06讲/第06讲_实验实际输出.txt,3338,8d7b2d564b1d3eb4a35cc9ddac0b5988d879c075ed7ca5a994bb7312c4ede1a1
第06讲_实验设计_Batch三维Tensor与共享Linear.pdf,深度学习数学与神经网络基础/第06讲/第06讲_实验设计_Batch三维Tensor与共享Linear.pdf,138007,c7741e6ebce191430874640a98757cbbbb6c4163973d003c8be8d53b552e27e5
第06讲_核心概念速查卡.pdf,深度学习数学与神经网络基础/第06讲/第06讲_核心概念速查卡.pdf,97989,440796f0053026955d8827bbef8e3923511e685fcf1da9a3ea925db6e3f5df1b
第06讲_练习题与答案.pdf,深度学习数学与神经网络基础/第06讲/第06讲_练习题与答案.pdf,118815,0510480e28d52a39090b3d1445566b41a74106a963a88426576a0104aa5e1c74
第06讲_讲义_Batch与批量矩阵运算.pdf,深度学习数学与神经网络基础/第06讲/第06讲_讲义_Batch与批量矩阵运算.pdf,243472,2a9d69873915700ae74d06053aca29478605e18b280aa2b74316518d87fda06f
README_第07讲.txt,深度学习数学与神经网络基础/第07讲/README_第07讲.txt,1005,061399fc700c75184d1888b2652e514700ec600e3a88e3528755842ecc23f781
lesson07_neuron_experiment.py,深度学习数学与神经网络基础/第07讲/lesson07_neuron_experiment.py,5865,82171bc9511b6797e95e685aa1c6effc0f6f8d5418faaa6e8f0b998c3b64f2d0
第07讲_实验实际输出.txt,深度学习数学与神经网络基础/第07讲/第07讲_实验实际输出.txt,3897,a73ef5546ef3a8e360177123d6c5ed559630e765366a6a49095234cb4e5e9283
第07讲_实验设计_拆开一个人工神经元.pdf,深度学习数学与神经网络基础/第07讲/第07讲_实验设计_拆开一个人工神经元.pdf,136811,47cb2f693d4060cebd08553f9e5e3815c4cf5ab50eeac6a036566a8a36de5aa2
第07讲_核心概念速查卡.pdf,深度学习数学与神经网络基础/第07讲/第07讲_核心概念速查卡.pdf,94799,dc45472717a9fcee15ef2177473c94d9c2358d305e49188c22284fc1dc581d5c
第07讲_神经元WeightBias与加权求和_完整材料包.zip,深度学习数学与神经网络基础/第07讲/第07讲_神经元WeightBias与加权求和_完整材料包.zip,563499,ee2ee66b5c25d5960017d77d9a4402f321527c944c72fdc2f9604e852f56a495
第07讲_练习题与答案.pdf,深度学习数学与神经网络基础/第07讲/第07讲_练习题与答案.pdf,120585,a7e794f535e218d7f817911577075ba6ad214be2aeb1d1e52761b42758ddfc56
第07讲_讲义_神经元WeightBias与加权求和.pdf,深度学习数学与神经网络基础/第07讲/第07讲_讲义_神经元WeightBias与加权求和.pdf,231886,b56fcd0d8ba97b9e992f3b56c9a1761609c26f3e81e25c38de37407f8a81284a
README_第08讲.txt,深度学习数学与神经网络基础/第08讲/README_第08讲.txt,941,3e40f57b836efa2b1ecb46b827bd0c6519ae565c8232a0f16d78620bd39fef9e
lesson08_affine_collapse.png,深度学习数学与神经网络基础/第08讲/lesson08_affine_collapse.png,58144,7aea0facaa1a426620ee2b2f27cfd77645addc8285d45afd50cd80fb233203e9
lesson08_relu_breaks_collapse.png,深度学习数学与神经网络基础/第08讲/lesson08_relu_breaks_collapse.png,46936,3bf99e0dde9e4b8f6b1f0d80cb5bbe24ab0a4a79dcbc4d2aef18fa257971ccc3
lesson08_why_nonlinearity_experiment.py,深度学习数学与神经网络基础/第08讲/lesson08_why_nonlinearity_experiment.py,7344,e34af307a0c3ac63682e33351d3472ed42cfc635ae13e1f12a3b4d2099194930
第08讲_为什么仅有Linear不够_完整材料包.zip,深度学习数学与神经网络基础/第08讲/第08讲_为什么仅有Linear不够_完整材料包.zip,784837,f2e88b28175bdbbfd692a7f6d0f83428568481ddd1361607aa6974485ead4726
第08讲_实验实际输出.txt,深度学习数学与神经网络基础/第08讲/第08讲_实验实际输出.txt,3677,5acef782874c0274e90e6206e3f8504ac2bd28cccdff6a3adde5a35366c7bd7c
第08讲_实验设计_多层Linear折叠与非线性.pdf,深度学习数学与神经网络基础/第08讲/第08讲_实验设计_多层Linear折叠与非线性.pdf,227288,d440df220add8a030ad8aef1f70bb48f09fce07b60d84d407f872b97116688e8
第08讲_核心概念速查卡.pdf,深度学习数学与神经网络基础/第08讲/第08讲_核心概念速查卡.pdf,86410,d891419abf81e6ac5f906d6889bebf359160e52386a8c5a7028adb4452a72783
第08讲_练习题与答案.pdf,深度学习数学与神经网络基础/第08讲/第08讲_练习题与答案.pdf,122433,180cb7b017f66fc7d5d816cd3bd848f669db0e4f7ca562e9feb6b0883b632a2c
第08讲_讲义_为什么仅有Linear不够.pdf,深度学习数学与神经网络基础/第08讲/第08讲_讲义_为什么仅有Linear不够.pdf,298523,70a60fe06b7578b7fecafc57a3e74138ff4bcd365c75ff7e712917e796e756c6
README_第09讲.txt,深度学习数学与神经网络基础/第09讲/README_第09讲.txt,1155,9523c23a9845b92adc4d6bab62365f2c9f4b632993c8bba69b1fc95a10c53b65
lesson09_activation_breaks_affine.png,深度学习数学与神经网络基础/第09讲/lesson09_activation_breaks_affine.png,62408,59c2ae14e3bc633233a440a31142572e560fa33f512f45da79d99b0cdef94ce1
lesson09_activation_curves.png,深度学习数学与神经网络基础/第09讲/lesson09_activation_curves.png,79809,f89070ae3bce74dba404ef444f8d5e9d5c92eb359410e333e9ccc17fd921d6de
lesson09_activation_functions_experiment.py,深度学习数学与神经网络基础/第09讲/lesson09_activation_functions_experiment.py,6475,5275fd1ed58c7d7e5bb8241de0e3849d8bf8f0537458a10dde3daa5db129d989
lesson09_relu_gelu_silu.png,深度学习数学与神经网络基础/第09讲/lesson09_relu_gelu_silu.png,80006,634d4e6807f29b568e7dc0ca91bedbba06558ff005c08168d439bb2a567fbfe5
第09讲_ActivationFunctions_完整材料包.zip,深度学习数学与神经网络基础/第09讲/第09讲_ActivationFunctions_完整材料包.zip,1115060,2487cdd44d87b249b00d4556f547a5ec41c0db913ac3e9a885e565695562bc4b
第09讲_实验实际输出.txt,深度学习数学与神经网络基础/第09讲/第09讲_实验实际输出.txt,2270,2917157dadd2b8e60c9dd2f10e8df104fb7df010a7ff818d4db0db79ff2a241b
第09讲_实验设计_ActivationFunctions.pdf,深度学习数学与神经网络基础/第09讲/第09讲_实验设计_ActivationFunctions.pdf,329051,6fde65d74123b304e891834897ef9e55c99a86db1bc0ee06e9bc04d29b2c367e
第09讲_核心概念速查卡.pdf,深度学习数学与神经网络基础/第09讲/第09讲_核心概念速查卡.pdf,103580,51961d77ec3cc96b921b5a3d878c21457929816e9b20ae75d712b1229f68613b
第09讲_练习题与答案.pdf,深度学习数学与神经网络基础/第09讲/第09讲_练习题与答案.pdf,124212,7fd6ebdf80862337a6d0c1e040c320a98634792d25c022e06f9edebf56dcda0e
第09讲_讲义_ActivationFunctions.pdf,深度学习数学与神经网络基础/第09讲/第09讲_讲义_ActivationFunctions.pdf,418863,e6ae63419ee49b742c7d65134d0afcdb6630d85e9a82fcd8b84610e5bef50023
README_第10讲.txt,深度学习数学与神经网络基础/第10讲/README_第10讲.txt,876,d2cc817ae2bb77c38ebe38bacfc15418a2b0239bb3ba019335b130c82d9a6914
lesson10_hidden_activation.png,深度学习数学与神经网络基础/第10讲/lesson10_hidden_activation.png,35956,dd7a6c60fbca720d36026f1e7a844a8fbdc9b31bfd46b40a85156140d9a63861
lesson10_mlp_experiment.py,深度学习数学与神经网络基础/第10讲/lesson10_mlp_experiment.py,7234,7300f090f77db72f7000d765b6fbc2a8ab0bb43febe507ae760fe9a50460467f
第10讲_MLP与FeedForwardNetwork_完整材料包.zip,深度学习数学与神经网络基础/第10讲/第10讲_MLP与FeedForwardNetwork_完整材料包.zip,104587,9bcfc194c1c00b059b1c0698d431d81a060c48782c3a5a985ddcf9bd12785803
第10讲_实验实际输出.txt,深度学习数学与神经网络基础/第10讲/第10讲_实验实际输出.txt,3304,6ee5d0c1583a4ca737c457d6c31500386a52220ddc5a668f0ee5250ad692dc09
第10讲_实验设计_MLP完整Forward与PyTorch对照.pdf,深度学习数学与神经网络基础/第10讲/第10讲_实验设计_MLP完整Forward与PyTorch对照.pdf,60068,44544c3571826f4d271d10e95a4956d6e7bca0cc50a69e3afcf363df32cd9a8a
第10讲_核心概念速查卡.pdf,深度学习数学与神经网络基础/第10讲/第10讲_核心概念速查卡.pdf,9035,0c4f59a40a226e10cf75c131010eb5134a8f3d613b8366e4d93503f2e7c7e11e
第10讲_练习题与答案.pdf,深度学习数学与神经网络基础/第10讲/第10讲_练习题与答案.pdf,11409,049ff57edd67e22e8378c3c6b422e77150b29646cc41447b886e699fc7e31894
第10讲_讲义_MLP与FeedForwardNetwork.pdf,深度学习数学与神经网络基础/第10讲/第10讲_讲义_MLP与FeedForwardNetwork.pdf,32902,e02896b511f163b3379813053ec9040a1c594ace86bfd6718e81374779d27a74
README_第11讲.txt,深度学习数学与神经网络基础/第11讲/README_第11讲.txt,862,dca54fa1c5be6d5a9c9d1fdeec24be7767a8fc2696eb90b444c74af604a0883c
lesson11_forward_computational_graph_experiment.py,深度学习数学与神经网络基础/第11讲/lesson11_forward_computational_graph_experiment.py,4377,8a604e6dc38de76e30ed97a6e2c0b0f0f8ab8b800c3ddb465cca30b8583fe3d5
第11讲_ForwardPropagation与ComputationalGraph_完整材料包.zip,深度学习数学与神经网络基础/第11讲/第11讲_ForwardPropagation与ComputationalGraph_完整材料包.zip,624285,6c1d97aa418ec4cfd5593d8bdc9b7a2fc3d0af7642f389a02f94a5c2c6ffa408
第11讲_实验实际输出.txt,深度学习数学与神经网络基础/第11讲/第11讲_实验实际输出.txt,2124,51cbda1e28ce16450dc578457504f3cd6bfca9a8953ad87f9634e9230d538196
第11讲_实验设计_Forward与计算图.pdf,深度学习数学与神经网络基础/第11讲/第11讲_实验设计_Forward与计算图.pdf,158451,2610c11eeb7025b129ba13ec9e7d7c08ea77cbb3963e24d0e38ddd822a6ac8f3
第11讲_核心概念速查卡.pdf,深度学习数学与神经网络基础/第11讲/第11讲_核心概念速查卡.pdf,91094,aee9123e081d71f5e040a679a3347247d6e21232b47655663b1b826bf45474ee
第11讲_练习题与答案.pdf,深度学习数学与神经网络基础/第11讲/第11讲_练习题与答案.pdf,124180,409aa8b647a742496269484b29d8cbfcc7d0247876228584d20cd3f49696de80
第11讲_讲义_ForwardPropagation与ComputationalGraph.pdf,深度学习数学与神经网络基础/第11讲/第11讲_讲义_ForwardPropagation与ComputationalGraph.pdf,283227,820e0efcc0f0d6b37ea12fef2f31232d0a2545a3781bed9a2ffb2a11f310b245
README_第12讲.txt,深度学习数学与神经网络基础/第12讲/README_第12讲.txt,880,88ed9eb6dd460175c9bacb2cc9eac70a6841ff7f4f2bdde1f4355757d51c9c00
lesson12_numpy_mlp_forward_experiment.py,深度学习数学与神经网络基础/第12讲/lesson12_numpy_mlp_forward_experiment.py,5885,f2b262993a34f982e7843000dc2886fdc1d3b74739e95bdcbfa383b79bb412c8
第12讲_实验实际输出.txt,深度学习数学与神经网络基础/第12讲/第12讲_实验实际输出.txt,2426,eff13c0271c23a4284e16dc3155aebceeda9c7f5c280361f9385a7af32582375
第12讲_实验设计_NumPy两层MLP完整Forward.pdf,深度学习数学与神经网络基础/第12讲/第12讲_实验设计_NumPy两层MLP完整Forward.pdf,36196,08dabbff5b89312e9fbb47a4ef3410b931e091940aa27e9d765fd0bd0b3ab5fb
第12讲_核心概念速查卡.pdf,深度学习数学与神经网络基础/第12讲/第12讲_核心概念速查卡.pdf,26140,9c6898afc926ed688298f62cafcbccaf76cd8da7d58afba2777ca05ddbe9f2a2
第12讲_第一次完整NumPy神经网络_完整材料包.zip,深度学习数学与神经网络基础/第12讲/第12讲_第一次完整NumPy神经网络_完整材料包.zip,121357,ee7b7501ea6d65cd898a67201d35e5441f2b694afd61706b237a0320e221bc32
第12讲_练习题与答案.pdf,深度学习数学与神经网络基础/第12讲/第12讲_练习题与答案.pdf,27669,6f41318283a0ed8a388e742d0341901fda932565b82a582c2fcd4b52ab7af49f
第12讲_讲义_第一次完整NumPy神经网络.pdf,深度学习数学与神经网络基础/第12讲/第12讲_讲义_第一次完整NumPy神经网络.pdf,51295,9a6ec29c2ea3996b02297f01ed6d037e8beb74640d4dd32f750459f7095e1778
README_第13讲.txt,深度学习数学与神经网络基础/第13讲/README_第13讲.txt,640,79b6cc8fbe55ab4c9fa01cf1d711984a4171f24b144d8582dab91b1ade5c2eca
lesson13_derivative_experiment.py,深度学习数学与神经网络基础/第13讲/lesson13_derivative_experiment.py,5798,e499cb2e08d7571952e12a62d9d9aa9d726737facecfe02c34d7d15e46d37669
lesson13_relu_slope.png,深度学习数学与神经网络基础/第13讲/lesson13_relu_slope.png,55976,e94c9efdc0a239e8c15ef4a1fcfcbddf74b27c3e514fdccc42bf4c9ae2f79386
lesson13_secant_to_tangent.png,深度学习数学与神经网络基础/第13讲/lesson13_secant_to_tangent.png,89436,8bdce090e19cbd10983557d2c76b8245477e87f04f69284710f2e914bc913538
第13讲_函数斜率与导数_完整材料包.zip,深度学习数学与神经网络基础/第13讲/第13讲_函数斜率与导数_完整材料包.zip,432213,a3430db4d53ac2ac130abfa47ce74bdab4089d759e010c065f662cd5275365b8
第13讲_实验实际输出.txt,深度学习数学与神经网络基础/第13讲/第13讲_实验实际输出.txt,2704,938fb57fdcc1ab7e03b659a80d4eba579fbf5333498b23af64b2a1deaa4615de
第13讲_实验设计_函数斜率与数值导数.pdf,深度学习数学与神经网络基础/第13讲/第13讲_实验设计_函数斜率与数值导数.pdf,134693,9664d63800651964d0589eb859f7b8fd03b1e815d44c5729a1fa7faf9b4a027b
第13讲_核心概念速查卡.pdf,深度学习数学与神经网络基础/第13讲/第13讲_核心概念速查卡.pdf,26366,9e5b1338171ba3e145cca8817358f8a4b2d0c82dad5a0a9edeb47f0f44fe5073
第13讲_练习题与答案.pdf,深度学习数学与神经网络基础/第13讲/第13讲_练习题与答案.pdf,29300,880954c823464c7d8824c6b8d554ea186bdc4746587eb15cefab28415c0cfdd3
第13讲_讲义_函数斜率与导数.pdf,深度学习数学与神经网络基础/第13讲/第13讲_讲义_函数斜率与导数.pdf,220304,f40908395cf275d13b879f51dde0ba00667b3f006e77fcb65b52f2a4c4c8a6be
README_第14讲.txt,深度学习数学与神经网络基础/第14讲/README_第14讲.txt,610,a19a93e8d464907e039ed83f58c8af6ee171c30f8e8217f6212167ff7a81933e
lesson14_loss_function_experiment.py,深度学习数学与神经网络基础/第14讲/lesson14_loss_function_experiment.py,6378,b27a3fb1e0f43135c4074450d5015219a2ae7501e6f46e0bfbb85a56dd09c031
lesson14_prediction_loss_curve.png,深度学习数学与神经网络基础/第14讲/lesson14_prediction_loss_curve.png,86084,0ae2bb33fd7bb77d64fa34671f6dc5581c47c06753245561e8e9fd997ec27554
lesson14_weight_loss_landscape.png,深度学习数学与神经网络基础/第14讲/lesson14_weight_loss_landscape.png,70279,98c4fe14247b4745770c3049dcaf4881024ca648399c7ed75eedc1cc98739594
第14讲_LossFunction_完整材料包.zip,深度学习数学与神经网络基础/第14讲/第14讲_LossFunction_完整材料包.zip,516366,a21a40c5b1077d670da46a17e27d0f3a7a29857e2c91aafa6b590b953fb02955
第14讲_实验实际输出.txt,深度学习数学与神经网络基础/第14讲/第14讲_实验实际输出.txt,2878,b766c79592c2d317a3f64cca0343276ddb6171e446147ce006f5f00d26bf19ba
第14讲_实验设计_LossFunction与BatchReduction.pdf,深度学习数学与神经网络基础/第14讲/第14讲_实验设计_LossFunction与BatchReduction.pdf,210634,5773666d48600256d3788af1a0d7492e8e66875b756d65f0bee4563144da5976
第14讲_核心概念速查卡.pdf,深度学习数学与神经网络基础/第14讲/第14讲_核心概念速查卡.pdf,26589,c8582cf53ba41f81ac7491c3585ad95de0a2d581d1f41e76c8343c722ac8c738
第14讲_练习题与答案.pdf,深度学习数学与神经网络基础/第14讲/第14讲_练习题与答案.pdf,29508,9673de6cb595324f3b7f6ddcb89af2b59f994b5eeb491dcf130140bec2c3cc1b
第14讲_讲义_LossFunction.pdf,深度学习数学与神经网络基础/第14讲/第14讲_讲义_LossFunction.pdf,222215,f415d68daeed0d6091b0a59492580447ebcca5fd89ab24e51953c27f8c454b57
README_第15讲.txt,深度学习数学与神经网络基础/第15讲/README_第15讲.txt,869,1067dee6d8e8a7cc81733a3f9de3d6abd7c14b59d2f65bf869d39cf1dc4a956c
lesson15_mse_experiment.py,深度学习数学与神经网络基础/第15讲/lesson15_mse_experiment.py,14513,85947c914eb455f1be156282ac3149c1ca423e4b4f36a53cc2fe3f201bf04db4
lesson15_outlier_sensitivity.png,深度学习数学与神经网络基础/第15讲/lesson15_outlier_sensitivity.png,35584,038ce08886bab16e95a8d7154f032406806ea80006ae3e56dc5c66f7841df15e
lesson15_squared_vs_absolute_error.png,深度学习数学与神经网络基础/第15讲/lesson15_squared_vs_absolute_error.png,86150,0d72a2dd633c697e944e8010de2873f67a9ec80a553b76ad92b5cc5214f107c1
lesson15_weight_mse_landscape.png,深度学习数学与神经网络基础/第15讲/lesson15_weight_mse_landscape.png,71085,c41fcba560d3d50f4b530578ceb3f1f2a6559f2104767138d7ca5c68fe8dd30d
第15讲_MSE为什么要平方为什么要平均_完整材料包.zip,深度学习数学与神经网络基础/第15讲/第15讲_MSE为什么要平方为什么要平均_完整材料包.zip,1811913,044be32095545aea75bf49e30a8502c9c4fa72aecb980e2b4e821696b79d8e9b
第15讲_实验实际输出.txt,深度学习数学与神经网络基础/第15讲/第15讲_实验实际输出.txt,3091,b26b3243189f400e9135409f4e1be53dae66d726fe9f65df8780af9583cacc5e
第15讲_实验设计_MSE与BatchReduction.pdf,深度学习数学与神经网络基础/第15讲/第15讲_实验设计_MSE与BatchReduction.pdf,480402,6914e342c3101103ddcafccc43094439bc6a40ca4d6311b6cd24c26145bfa6c8
第15讲_核心概念速查卡.pdf,深度学习数学与神经网络基础/第15讲/第15讲_核心概念速查卡.pdf,340488,0d45067ad092e65aad96f285deea8b216a281b13f12795a08643d19bce240897
第15讲_练习题与答案.pdf,深度学习数学与神经网络基础/第15讲/第15讲_练习题与答案.pdf,360722,cc80a91f1e6694452c883a822655577df86212dcdb79c5ef847d0e7323838391
第15讲_讲义_MSE.pdf,深度学习数学与神经网络基础/第15讲/第15讲_讲义_MSE.pdf,606761,6daf1f66b6b711a36883e4db1442eb4299604dd10192759632a3933cac1dc8d9
README_第16讲.txt,深度学习数学与神经网络基础/第16讲/README_第16讲.txt,814,1fa96b439dd1716ec02216f898a9d6ce40793a09e75a3c30485574efc86f0772
lesson16_cumulative_nll.png,深度学习数学与神经网络基础/第16讲/lesson16_cumulative_nll.png,64971,1a05bb6dc411fcb4a8b7ccd79a71ebc3da29dd5874eff8b85f196081ea609d3c
lesson16_exp_curve.png,深度学习数学与神经网络基础/第16讲/lesson16_exp_curve.png,45365,24aa451caac9735670029f0e12b417477ae78561860ee47ee7a535cf0d5f418c
lesson16_negative_log_curve.png,深度学习数学与神经网络基础/第16讲/lesson16_negative_log_curve.png,48784,39ef2d313a5d4542029e09af19a9f3a7ca93ab300253fcf79a95189d044f997d
lesson16_probability_exp_log_experiment.py,深度学习数学与神经网络基础/第16讲/lesson16_probability_exp_log_experiment.py,7859,f59aad4564288d711231531ef23df7524dc9a687b87997004498992ada91e064
lesson16_sequence_probability_decay.png,深度学习数学与神经网络基础/第16讲/lesson16_sequence_probability_decay.png,62723,a4bf036a1d0ad38452e91b36555bb8eb7cb84a604fc972ed8ce7d8f1efb03566
第16讲_实验实际输出.txt,深度学习数学与神经网络基础/第16讲/第16讲_实验实际输出.txt,3387,ff6ef6dd602158bc93732ed62d839c6962575917131fc435425e444498764147
第16讲_实验设计_概率指数对数与数值稳定.pdf,深度学习数学与神经网络基础/第16讲/第16讲_实验设计_概率指数对数与数值稳定.pdf,378273,a483f0d3c501ccde66fabf53c383b6730381f6cf127ba081af24981b41e8e716
第16讲_核心概念速查卡.pdf,深度学习数学与神经网络基础/第16讲/第16讲_核心概念速查卡.pdf,323097,8b3933756fc888b17ac68d00fa2463be2653c4ff89446354066e306020b73f3b
第16讲_概率指数与对数_完整材料包.zip,深度学习数学与神经网络基础/第16讲/第16讲_概率指数与对数_完整材料包.zip,1741768,4267189a985d4ee9c095fd6d1fc904f8b9a494b724fd89117ffa42e0190fe866
第16讲_练习题与答案.pdf,深度学习数学与神经网络基础/第16讲/第16讲_练习题与答案.pdf,353494,59b679018df8257f1b4b390d03bf877a3df283427f4f5b074ce57dd69745dbd9
第16讲_讲义_概率指数与对数.pdf,深度学习数学与神经网络基础/第16讲/第16讲_讲义_概率指数与对数.pdf,639963,95ec81694e425215fa3c437bbe2a0568ed5abf33c11cbcbe3c5e0cbc58505de7
肿瘤新抗原与StableNeoRank全景图.png,肿瘤新抗原与StableNeoRank/专题图解/肿瘤新抗原与StableNeoRank全景图.png,1858626,a64848a1fcfda290822be0fc23fdeb2fcde4f42cc147aa441125f106e0806d8d
